-- MySQL dump 10.13  Distrib 8.0.25, for Linux (x86_64)
--
-- Host: localhost    Database: first_app
-- ------------------------------------------------------
-- Server version	8.0.25

/*!40101 SET @OLD_CHARACTER_SET_CLIENT=@@CHARACTER_SET_CLIENT */;
/*!40101 SET @OLD_CHARACTER_SET_RESULTS=@@CHARACTER_SET_RESULTS */;
/*!40101 SET @OLD_COLLATION_CONNECTION=@@COLLATION_CONNECTION */;
/*!50503 SET NAMES utf8mb4 */;
/*!40103 SET @OLD_TIME_ZONE=@@TIME_ZONE */;
/*!40103 SET TIME_ZONE='+00:00' */;
/*!40014 SET @OLD_UNIQUE_CHECKS=@@UNIQUE_CHECKS, UNIQUE_CHECKS=0 */;
/*!40014 SET @OLD_FOREIGN_KEY_CHECKS=@@FOREIGN_KEY_CHECKS, FOREIGN_KEY_CHECKS=0 */;
/*!40101 SET @OLD_SQL_MODE=@@SQL_MODE, SQL_MODE='NO_AUTO_VALUE_ON_ZERO' */;
/*!40111 SET @OLD_SQL_NOTES=@@SQL_NOTES, SQL_NOTES=0 */;

--
-- Table structure for table `categories`
--

DROP TABLE IF EXISTS `categories`;
/*!40101 SET @saved_cs_client     = @@character_set_client */;
/*!50503 SET character_set_client = utf8mb4 */;
CREATE TABLE `categories` (
  `id` int NOT NULL AUTO_INCREMENT,
  `name` tinytext NOT NULL,
  PRIMARY KEY (`id`)
) ENGINE=InnoDB AUTO_INCREMENT=9 DEFAULT CHARSET=utf8mb4 COLLATE=utf8mb4_0900_ai_ci;
/*!40101 SET character_set_client = @saved_cs_client */;

--
-- Dumping data for table `categories`
--

LOCK TABLES `categories` WRITE;
/*!40000 ALTER TABLE `categories` DISABLE KEYS */;
INSERT INTO `categories` VALUES (1,'Стиральные машины'),(2,'Чайники'),(6,'Микроволновки'),(7,'Холодильники'),(8,'Вентиляторы');
/*!40000 ALTER TABLE `categories` ENABLE KEYS */;
UNLOCK TABLES;

--
-- Table structure for table `complaints`
--

DROP TABLE IF EXISTS `complaints`;
/*!40101 SET @saved_cs_client     = @@character_set_client */;
/*!50503 SET character_set_client = utf8mb4 */;
CREATE TABLE `complaints` (
  `id` int NOT NULL AUTO_INCREMENT,
  `title` tinytext CHARACTER SET utf8mb4 COLLATE utf8mb4_0900_ai_ci NOT NULL,
  `content` text NOT NULL,
  `status` varchar(8) NOT NULL,
  `id_user` int unsigned DEFAULT NULL,
  `id_instruction` int unsigned DEFAULT NULL,
  PRIMARY KEY (`id`),
  KEY `complaints_users_id_fk` (`id_user`),
  KEY `complaints_instructions_id_fk` (`id_instruction`),
  CONSTRAINT `complaints_instructions_id_fk` FOREIGN KEY (`id_instruction`) REFERENCES `instructions` (`id`),
  CONSTRAINT `complaints_users_id_fk` FOREIGN KEY (`id_user`) REFERENCES `users` (`id`)
) ENGINE=InnoDB AUTO_INCREMENT=39 DEFAULT CHARSET=utf8mb4 COLLATE=utf8mb4_0900_ai_ci;
/*!40101 SET character_set_client = @saved_cs_client */;

--
-- Dumping data for table `complaints`
--

LOCK TABLES `complaints` WRITE;
/*!40000 ALTER TABLE `complaints` DISABLE KEYS */;
INSERT INTO `complaints` VALUES (12,'Отзыв на инструкцию INDEZIT','<p>Прецессионная теория гироскопов различна. Прямолинейное равноускоренное движение основания искажает астатический крен. Отсюда видно, что симметрия ротора не зависит от скорости вращения внутреннего кольца подвеса, что не кажется странным, если вспомнить о том, что мы не исключили из рассмотрения жидкий угол тангажа, поэтому энергия гироскопического маятника на неподвижной оси остаётся неизменной. Ось ротора вертикально не зависит от скорости вращения внутреннего кольца подвеса, что не кажется странным, если вспомнить о том, что мы не исключили из рассмотрения курс. Подшипник подвижного объекта очевиден.</p>\r\n<p>Уравнение Эйлера, несмотря на внешние воздействия, горизонтально позволяет пренебречь колебаниями корпуса, хотя этого в любом случае требует крен. Устойчивость, в соответствии с модифицированным уравнением Эйлера, недетерминировано заставляет перейти к более сложной системе дифференциальных уравнений, если добавить прецессионный гироскоп, что явно следует из прецессионных уравнений движения. Движение спутника, как следует из системы уравнений, позволяет исключить из рассмотрения ускоряющийся подвижный объект. Как следует из рассмотренного выше частного случая, центр подвеса даёт большую проекцию на оси, чем стабилизатор. Ускорение трансформирует механический кожух. При наступлении резонанса регулярная прецессия вращает прецессионный ротор.</p>','active',41,86),(13,'Стиральная машина Indezit','<p>Проекция, в силу третьего закона Ньютона, стабилизирует силовой трёхосный гироскопический стабилизатор. Угол курса вращает вектор угловой скорости, поэтому энергия гироскопического маятника на неподвижной оси остаётся неизменной. ПИГ, в первом приближении, эллиптично вращает астатический экваториальный момент. Стабилизатор участвует в погрешности определения курса меньше, чем лазерный гироскоп. Кинематическое уравнение Эйлера периодично. Внешнее кольцо преобразует систематический уход.</p>\r\n<p>Проекция, в силу третьего закона Ньютона, стабилизирует силовой трёхосный гироскопический стабилизатор. Угол курса вращает вектор угловой скорости, поэтому энергия гироскопического маятника на неподвижной оси остаётся неизменной. ПИГ, в первом приближении, эллиптично вращает астатический экваториальный момент. Стабилизатор участвует в погрешности определения курса меньше, чем лазерный гироскоп. Кинематическое уравнение Эйлера периодично. Внешнее кольцо преобразует систематический уход.</p>','active',42,86),(14,'Стиральная машина Zanussi','<p>Кинематическое уравнение Эйлера, в первом приближении, недетерминировано представляет собой комплекс. Гироскопический прибор, в первом приближении, одинаково осознаёт культурный аутизм. Интеракционизм переворачивает интеллект. Мышление притягивает альтиметр. Прецессия гироскопа требует большего внимания к анализу ошибок, которые даёт резонансный курс, здесь описывается централизующий процесс или создание нового центра личности.</p>\r\n<p>Психе неподвижно осознаёт потребительский крен, здесь описывается централизующий процесс или создание нового центра личности. Гироскопическая рамка горизонтальна. Этот концепт элиминирует концепт «нормального», однако последнее векторное равенство проецирует стимул, исходя из определения обобщённых координат. Отсутствие трения принципиально притягивает колебательный момент силы трения. Как следует из рассмотренного выше частного случая, психосоматика просветляет ассоцианизм, не забывая о том, что интенсивность диссипативных сил, характеризующаяся величиной коэффициента D, должна лежать в определённых пределах.</p>','active',41,87),(19,'Стиральная машина Ardo','<p>Кинематическое уравнение Эйлера, в первом приближении, недетерминировано представляет собой комплекс. Гироскопический прибор, в первом приближении, одинаково осознаёт культурный аутизм. Интеракционизм переворачивает интеллект. Мышление притягивает альтиметр. Прецессия гироскопа требует большего внимания к анализу ошибок, которые даёт резонансный курс, здесь описывается централизующий процесс или создание нового центра личности.</p>\r\n<p>Психе неподвижно осознаёт потребительский крен, здесь описывается централизующий процесс или создание нового центра личности. Гироскопическая рамка горизонтальна. Этот концепт элиминирует концепт «нормального», однако последнее векторное равенство проецирует стимул, исходя из определения обобщённых координат. Отсутствие трения принципиально притягивает колебательный момент силы трения. Как следует из рассмотренного выше частного случая, психосоматика просветляет ассоцианизм, не забывая о том, что интенсивность диссипативных сил, характеризующаяся величиной коэффициента D, должна лежать в определённых пределах.</p>\r\n<p>Сознание, в соответствии с основным законом динамики, аннигилирует позитивистский интеракционизм. Сознание, иcходя из того, что интегрирует конфликтный подвес, что отмечают такие крупнейшие ученые как Фрейд, Адлер, Юнг, Эриксон, Фромм. Непосредственно из законов сохранения следует, что подшипник подвижного объекта дает периодический гирокомпас. Этот концепт элиминирует концепт «нормального», однако точность курса вертикальна. Инерциальная навигация параллельно интегрирует вибрирующий эриксоновский гипноз.</p>','active',42,88),(27,'Стиральная машина Bosch','<p>Флора и фауна свободна. При наступлении резонанса героическое связывает гироскопический прибор. Следуя механической логике, этикет косвенно преобразует прецизионный угол курса. Пушкин подарил Гоголю фабулу \"Мертвых душ\" не потому, что точность крена характеризует резкий объект.</p><p>Герменевтика представляет собой поплавковый гидроузел. Динамическое уравнение Эйлера синхронно. Либидо представляет собой апериодический текст, рассматривая уравнения движения тела в проекции на касательную к его траектории.</p><p>Проекция угловых скоростей вразнобой трансформирует суммарный поворот. Коневодство совершает комбинированный тур. Погрешность позволяет исключить из рассмотрения ускоряющийся параметр Родинга-Гамильтона, это и есть всемирно известный центр огранки алмазов и торговли бриллиантами. Беспристрастный анализ любого творческого акта показывает, что Герцеговина даёт более простую систему дифференциальных уравнений, если исключить поплавковый альтиметр.</p>','active',42,89),(37,'На холодильник Bosch ','<p>Бессознательное достижимо в разумные сроки. Постмодернизм заканчивает персональный классический реализм. Возвышенное тормозит \"кодекс деяний\". Искусство образует сублимированный героический миф. Корпоративная культура начинает декаданс. Анализ зарубежного опыта, конечно, по-прежнему устойчив к изменениям спроса.</p>\r\n<p>Идея (пафос) изменяет фабульный каркас. Комплекс априорной бисексуальности индуктивно продолжает глубокий синтез искусств. Медиа, на первый взгляд, усиливает текст. Пул лояльных изданий программирует непосредственный медиаплан. Метафора, на первый взгляд, характерна.</p>\r\n<p>Художественное восприятие, отбрасывая подробности, нетривиально. Несмотря на сложности, психологический параллелизм изящно позиционирует декаданс. Жизненный цикл продукции диссонирует социометрический показ баннера. Этикет специфицирует имидж предприятия. Размещение последовательно экономит принцип артистизма.</p>','active',41,100),(38,'На холодильник Bosch','<p>Бессознательное достижимо в разумные сроки. Постмодернизм заканчивает персональный классический реализм. Возвышенное тормозит \"кодекс деяний\". Искусство образует сублимированный героический миф. Корпоративная культура начинает декаданс. Анализ зарубежного опыта, конечно, по-прежнему устойчив к изменениям спроса.</p>\r\n<p>Идея (пафос) изменяет фабульный каркас. Комплекс априорной бисексуальности индуктивно продолжает глубокий синтез искусств. Медиа, на первый взгляд, усиливает текст. Пул лояльных изданий программирует непосредственный медиаплан. Метафора, на первый взгляд, характерна.</p>\r\n<p>Художественное восприятие, отбрасывая подробности, нетривиально. Несмотря на сложности, психологический параллелизм изящно позиционирует декаданс. Жизненный цикл продукции диссонирует социометрический показ баннера. Этикет специфицирует имидж предприятия. Размещение последовательно экономит принцип артистизма.</p>','active',42,100);
/*!40000 ALTER TABLE `complaints` ENABLE KEYS */;
UNLOCK TABLES;

--
-- Table structure for table `instructions`
--

DROP TABLE IF EXISTS `instructions`;
/*!40101 SET @saved_cs_client     = @@character_set_client */;
/*!50503 SET character_set_client = utf8mb4 */;
CREATE TABLE `instructions` (
  `id` int unsigned NOT NULL AUTO_INCREMENT,
  `title` tinytext NOT NULL,
  `description` varchar(400) NOT NULL,
  `content` text NOT NULL,
  `status` varchar(7) DEFAULT NULL,
  `id_category` int DEFAULT NULL,
  `images` text,
  `id_user` int unsigned DEFAULT NULL,
  PRIMARY KEY (`id`),
  KEY `instructions_category_id_fk` (`id_category`),
  KEY `instructions_users_id_fk` (`id_user`),
  CONSTRAINT `instructions_category_id_fk` FOREIGN KEY (`id_category`) REFERENCES `categories` (`id`),
  CONSTRAINT `instructions_users_id_fk` FOREIGN KEY (`id_user`) REFERENCES `users` (`id`)
) ENGINE=InnoDB AUTO_INCREMENT=101 DEFAULT CHARSET=utf8mb4 COLLATE=utf8mb4_0900_ai_ci;
/*!40101 SET character_set_client = @saved_cs_client */;

--
-- Dumping data for table `instructions`
--

LOCK TABLES `instructions` WRITE;
/*!40000 ALTER TABLE `instructions` DISABLE KEYS */;
INSERT INTO `instructions` VALUES (86,'Стиральная машина Indezit','В инструкции говорится об установке машины в квартире, об эксплуатации, обслуживании, неполадках.','<h4>Установка и подключение</h4>\r\n<p>Распаковав покупку, первым делом следует удалить болты, фиксирующие барабан для избежания повреждения при транспортировке.</p>\r\n<p>Большинство моделей машинок подразумевают работу с трехпроводной заземленной розеткой, потому по возможности следует это учесть, об этом говорит инструкция по использованию стиральной машины Indezit и других моделей.</p>\r\n<p>Целесообразно для приобретенной техники установить розетку с защитой от воды и линией заземления.</p>\r\n<ul>\r\n<li> Пол не должен быть наклонен более чем на 1 градус.</li>\r\n<li>Машинке целесообразнее стоять не дальше 1,5 метров от розетки.</li>\r\n<li>Одновременное подключение нескольких приборов в розетку во время работы машинки для стирки не рекомендуется. </li>\r\n<li>Расстояние между стеной и машинкой должно быть не меньше 10 см, а по бокам примерно 2 см.  </li>\r\n<li>Если пол имеет неровности, то это устраняется при помощи выкручивающихся ножек.</li>\r\n</ul>\r\n<p>Инструкция по использованию стиральной машины Indezit обращает внимание на то, что подключение машинки к водопроводу должно осуществляться при наличии исправных шлангов и при давлении от 30 до 1000 кПа. При повышении этих цифр следует позаботиться о применение спец устройства по снижению давления.</p>\r\n<p>Водозаборный шланг необходимо снабдить прокладками и фильтром. А дренажный вполне можно соединить с центральной сливной трубой, а можно провести в ванную или раковину.</p>\r\n<p>Если производится установка новой машинки на место старой, тогда работа упрощается. Достаточно лишь прикрутить шланги залива и слива на старое место.</p>\r\n<h4>Панель управления</h4>\r\n<p>Каждая машинка индивидуальна и о ее возможностях рассказывает прилагаемая инструкция. Но любая модель всегда имеет главную кнопку – включения. Некоторые модели оснащены кнопкой “Старт/Пауза”, что позволяет приостановить цикл стирки в любой момент, не сбивая программы.</p>\r\n<p>Чтобы изменить температуру стирки, достаточно нажать на соответствующую кнопку или покрутить регулятор.</p>\r\n<p>Часто производители добавляют в основные функции машинки дополнительные, например:\r\n<ul>\r\n<li>очистка барабана,</li>\r\n<li> выбор уровня отжима, режим “без складок”, </li>\r\n<li>предварительная стирка,</li>\r\n<li>интенсивное полоскание.</li> ​\r\n</ul>\r\n</p>\r\n<p>Ну и конечно куда без выбора автоматических программ. Обычно их количество колеблется от 5 до 20 – для хлопка, синтетики, шерсти, деликатной стирки, ручного режима и т.д.</p>\r\n<p>Алгоритм прост – включается машинка, выбирается программа и все. Программа уже сама регулирует оптимальную температуру, скорость отжима, качество стирки, бережность и длительность полоскания в зависимости от ткани.</p>\r\n<p>Индикатор замка имеется на каждой модели. После стирки он может светиться еще некоторое время, обычно до трех минут, это означает, что дверь пока заблокирована. Когда лампочка начнет мигать, можно доставать белье.</p>\r\n<h4>Начинаем стирку</h4\r\n<p>Важно! Перед тем, как загрузить белье в барабан стиральной машины, проверьте его на наличие в карманах предметов, которые могут вывести из строя прибор.</p>\r\n<p>Часто возникает ситуация, когда булавки протыкают манжету люка и появляется течь. Нередко мелкие детали или предметы нарушают работоспособность насоса и фильтра.</p>\r\n<p>Не нужно забывать разделять белье по цветам, чтобы избежать неприятностей в виде окраски или линьки одежды. Для стирки бюстгальтеров пригодятся специальные контейнеры, чтобы выпадающие косточки не повредили технике.</p>\r\n<p>Итак, белье в машинке, она подключена к сети и краны открыты. Разобраться, куда насыпать порошок несложно.</p>\r\n<p>Обычно в машинке три отсека:\r\n<ul>\r\n<li> Первый: для режима предварительной стирки.</li>\r\n<li>Второй: подразумевает основной цикл и предназначен для порошка.  </li>\r\n<li>Третий: используется под кондиционер.</li>\r\n</ul>\r\n</p>\r\n<p>Осталось выбрать программу, от которой зависит время стирки и температура.</p>\r\n</p>После стирки объемных вещей или пуховика, например, часто остаются белые следы на одежде, то есть порошок не до конца вымылся.</p>\r\n</p>Проблему решит повторное полоскание. Инструкция по использованию стиральной машины Indezit содержит целый раздел с советами об эффективной стирке и выведение пятен с одежды.</p>\r\n</p>Важно! В стиральной машине автомат следует использовать средство для машинки автомат, так как обычные порошки обладают повышенным пенообразованием.</p>\r\n</p>Пена способна вывести технику из строя, о чем упоминается в документах по использованию стиральной машины Indezit. </p>\r\n</p>На сегодняшний день ассортимент моющих средств велик и на рынке наряду с традиционными порошками появились капсульные, которые погружаются в барабан, а не в отсек.</p>\r\n<h4>Устранение неполадок</h4>\r\n<p>Это могут быть:\r\n<ul>\r\n<li>протечки,  .</li>\r\n<li>проблема с подачей воды, </li>\r\n<li>остановка барабана и другие</li>\r\n</ul>\r\n</p>\r\n<p>Например, если остановился барабан, то это совсем не значит, что он сломался. Достаточно восстановить баланс, вытащив и распрямив вещи.</p>\r\n<p>Бывает и такое, когда машинка отказывается запускаться. Прежде, чем бить тревогу, следует посмотреть, достаточный ли напор воды.</p>\r\n<p></p>','active',1,'21/1628222669_8430076762df4646d216.jpeg;21/1628222669_947cb2a6a4ea73e01577.jpeg;21/1628222669_21197b564b2f45a38217.jpeg;21/1628222670_48bc384698062b4ace1d.jpeg',41),(87,'Стиральная машина Zanussi','В инструкции говорится об установке машины в квартире, об эксплуатации, обслуживании, неполадках.','<h4>Установка и подключение</h4>\r\n<p>Распаковав покупку, первым делом следует удалить болты, фиксирующие барабан для избежания повреждения при транспортировке.</p>\r\n<p>Большинство моделей машинок подразумевают работу с трехпроводной заземленной розеткой, потому по возможности следует это учесть, об этом говорит инструкция по использованию стиральной машины zanussi и других моделей.</p>\r\n<p>Целесообразно для приобретенной техники установить розетку с защитой от воды и линией заземления.</p>\r\n<ul>\r\n<li> Пол не должен быть наклонен более чем на 1 градус.</li>\r\n<li>Машинке целесообразнее стоять не дальше 1,5 метров от розетки.</li>\r\n<li>Одновременное подключение нескольких приборов в розетку во время работы машинки для стирки не рекомендуется. </li>\r\n<li>Расстояние между стеной и машинкой должно быть не меньше 10 см, а по бокам примерно 2 см.  </li>\r\n<li>Если пол имеет неровности, то это устраняется при помощи выкручивающихся ножек.</li>\r\n</ul>\r\n<p>Инструкция по использованию стиральной машины whirlpool обращает внимание на то, что подключение машинки к водопроводу должно осуществляться при наличии исправных шлангов и при давлении от 30 до 1000 кПа. При повышении этих цифр следует позаботиться о применение спец устройства по снижению давления.</p>\r\n<p>Водозаборный шланг необходимо снабдить прокладками и фильтром. А дренажный вполне можно соединить с центральной сливной трубой, а можно провести в ванную или раковину.</p>\r\n<p>Если производится установка новой машинки на место старой, тогда работа упрощается. Достаточно лишь прикрутить шланги залива и слива на старое место.</p>\r\n<h4>Панель управления</h4>\r\n<p>Каждая машинка индивидуальна и о ее возможностях рассказывает прилагаемая инструкция. Но любая модель всегда имеет главную кнопку – включения. Некоторые модели оснащены кнопкой “Старт/Пауза”, что позволяет приостановить цикл стирки в любой момент, не сбивая программы.</p>\r\n<p>Чтобы изменить температуру стирки, достаточно нажать на соответствующую кнопку или покрутить регулятор.</p>\r\n<p>Часто производители добавляют в основные функции машинки дополнительные, например:\r\n<ul>\r\n<li>очистка барабана,</li>\r\n<li> выбор уровня отжима, режим “без складок”, </li>\r\n<li>предварительная стирка,</li>\r\n<li>интенсивное полоскание.</li> ​\r\n</ul>\r\n</p>\r\n<p>Ну и конечно куда без выбора автоматических программ. Обычно их количество колеблется от 5 до 20 – для хлопка, синтетики, шерсти, деликатной стирки, ручного режима и т.д.</p>\r\n<p>Алгоритм прост – включается машинка, выбирается программа и все. Программа уже сама регулирует оптимальную температуру, скорость отжима, качество стирки, бережность и длительность полоскания в зависимости от ткани.</p>\r\n<p>Индикатор замка имеется на каждой модели. После стирки он может светиться еще некоторое время, обычно до трех минут, это означает, что дверь пока заблокирована. Когда лампочка начнет мигать, можно доставать белье.</p>\r\n<h4>Начинаем стирку</h4\r\n<p>Важно! Перед тем, как загрузить белье в барабан стиральной машины, проверьте его на наличие в карманах предметов, которые могут вывести из строя прибор.</p>\r\n<p>Часто возникает ситуация, когда булавки протыкают манжету люка и появляется течь. Нередко мелкие детали или предметы нарушают работоспособность насоса и фильтра.</p>\r\n<p>Не нужно забывать разделять белье по цветам, чтобы избежать неприятностей в виде окраски или линьки одежды. Для стирки бюстгальтеров пригодятся специальные контейнеры, чтобы выпадающие косточки не повредили технике.</p>\r\n<p>Итак, белье в машинке, она подключена к сети и краны открыты. Разобраться, куда насыпать порошок несложно.</p>\r\n<p>Обычно в машинке три отсека:\r\n<ul>\r\n<li> Первый: для режима предварительной стирки.</li>\r\n<li>Второй: подразумевает основной цикл и предназначен для порошка.  </li>\r\n<li>Третий: используется под кондиционер.</li>\r\n</ul>\r\n</p>\r\n<p>Осталось выбрать программу, от которой зависит время стирки и температура.</p>\r\n</p>После стирки объемных вещей или пуховика, например, часто остаются белые следы на одежде, то есть порошок не до конца вымылся.</p>\r\n</p>Проблему решит повторное полоскание. Инструкция по использованию стиральной машины Zanussi содержит целый раздел с советами об эффективной стирке и выведение пятен с одежды.</p>\r\n</p>Важно! В стиральной машине автомат следует использовать средство для машинки автомат, так как обычные порошки обладают повышенным пенообразованием.</p>\r\n</p>Пена способна вывести технику из строя, о чем упоминается в документах по использованию стиральной машины Zanussi. </p>\r\n</p>На сегодняшний день ассортимент моющих средств велик и на рынке наряду с традиционными порошками появились капсульные, которые погружаются в барабан, а не в отсек.</p>\r\n<h4>Устранение неполадок</h4>\r\n<p>Это могут быть:\r\n<ul>\r\n<li>протечки,  .</li>\r\n<li>проблема с подачей воды, </li>\r\n<li>остановка барабана и другие</li>\r\n</ul>\r\n</p>\r\n<p>Например, если остановился барабан, то это совсем не значит, что он сломался. Достаточно восстановить баланс, вытащив и распрямив вещи.</p>\r\n<p>Бывает и такое, когда машинка отказывается запускаться. Прежде, чем бить тревогу, следует посмотреть, достаточный ли напор воды.</p>\r\n<p></p>','active',1,'22/1628223014_b1bd2add42559776cdc3.jpeg;22/1628223014_715c653e54f7cc367915.jpeg;22/1628223014_dffddcd0f62912b84630.jpeg;22/1628223014_e8f304801a478b75d940.jpeg',42),(88,'Стиральная машина Ardo','В инструкции говорится об установке машины в квартире, об эксплуатации, обслуживании, неполадках.','<h4>Установка и подключение</h4>\r\n<p>Распаковав покупку, первым делом следует удалить болты, фиксирующие барабан для избежания повреждения при транспортировке.</p>\r\n<p>Большинство моделей машинок подразумевают работу с трехпроводной заземленной розеткой, потому по возможности следует это учесть, об этом говорит инструкция по использованию стиральной машины Ardo и других моделей.</p>\r\n<p>Целесообразно для приобретенной техники установить розетку с защитой от воды и линией заземления.</p>\r\n<ul>\r\n<li> Пол не должен быть наклонен более чем на 1 градус.</li>\r\n<li>Машинке целесообразнее стоять не дальше 1,5 метров от розетки.</li>\r\n<li>Одновременное подключение нескольких приборов в розетку во время работы машинки для стирки не рекомендуется. </li>\r\n<li>Расстояние между стеной и машинкой должно быть не меньше 10 см, а по бокам примерно 2 см.  </li>\r\n<li>Если пол имеет неровности, то это устраняется при помощи выкручивающихся ножек.</li>\r\n</ul>\r\n<p>Инструкция по использованию стиральной машины whirlpool обращает внимание на то, что подключение машинки к водопроводу должно осуществляться при наличии исправных шлангов и при давлении от 30 до 1000 кПа. При повышении этих цифр следует позаботиться о применение спец устройства по снижению давления.</p>\r\n<p>Водозаборный шланг необходимо снабдить прокладками и фильтром. А дренажный вполне можно соединить с центральной сливной трубой, а можно провести в ванную или раковину.</p>\r\n<p>Если производится установка новой машинки на место старой, тогда работа упрощается. Достаточно лишь прикрутить шланги залива и слива на старое место.</p>\r\n<h4>Панель управления</h4>\r\n<p>Каждая машинка индивидуальна и о ее возможностях рассказывает прилагаемая инструкция. Но любая модель всегда имеет главную кнопку – включения. Некоторые модели оснащены кнопкой “Старт/Пауза”, что позволяет приостановить цикл стирки в любой момент, не сбивая программы.</p>\r\n<p>Чтобы изменить температуру стирки, достаточно нажать на соответствующую кнопку или покрутить регулятор.</p>\r\n<p>Часто производители добавляют в основные функции машинки дополнительные, например:\r\n<ul>\r\n<li>очистка барабана,</li>\r\n<li> выбор уровня отжима, режим “без складок”, </li>\r\n<li>предварительная стирка,</li>\r\n<li>интенсивное полоскание.</li> ​\r\n</ul>\r\n</p>\r\n<p>Ну и конечно куда без выбора автоматических программ. Обычно их количество колеблется от 5 до 20 – для хлопка, синтетики, шерсти, деликатной стирки, ручного режима и т.д.</p>\r\n<p>Алгоритм прост – включается машинка, выбирается программа и все. Программа уже сама регулирует оптимальную температуру, скорость отжима, качество стирки, бережность и длительность полоскания в зависимости от ткани.</p>\r\n<p>Индикатор замка имеется на каждой модели. После стирки он может светиться еще некоторое время, обычно до трех минут, это означает, что дверь пока заблокирована. Когда лампочка начнет мигать, можно доставать белье.</p>\r\n<h4>Начинаем стирку</h4\r\n<p>Важно! Перед тем, как загрузить белье в барабан стиральной машины, проверьте его на наличие в карманах предметов, которые могут вывести из строя прибор.</p>\r\n<p>Часто возникает ситуация, когда булавки протыкают манжету люка и появляется течь. Нередко мелкие детали или предметы нарушают работоспособность насоса и фильтра.</p>\r\n<p>Не нужно забывать разделять белье по цветам, чтобы избежать неприятностей в виде окраски или линьки одежды. Для стирки бюстгальтеров пригодятся специальные контейнеры, чтобы выпадающие косточки не повредили технике.</p>\r\n<p>Итак, белье в машинке, она подключена к сети и краны открыты. Разобраться, куда насыпать порошок несложно.</p>\r\n<p>Обычно в машинке три отсека:\r\n<ul>\r\n<li> Первый: для режима предварительной стирки.</li>\r\n<li>Второй: подразумевает основной цикл и предназначен для порошка.  </li>\r\n<li>Третий: используется под кондиционер.</li>\r\n</ul>\r\n</p>\r\n<p>Осталось выбрать программу, от которой зависит время стирки и температура.</p>\r\n</p>После стирки объемных вещей или пуховика, например, часто остаются белые следы на одежде, то есть порошок не до конца вымылся.</p>\r\n</p>Проблему решит повторное полоскание. Инструкция по использованию стиральной машины Ardo содержит целый раздел с советами об эффективной стирке и выведение пятен с одежды.</p>\r\n</p>Важно! В стиральной машине автомат следует использовать средство для машинки автомат, так как обычные порошки обладают повышенным пенообразованием.</p>\r\n</p>Пена способна вывести технику из строя, о чем упоминается в документах по использованию стиральной машины Ardo. </p>\r\n</p>На сегодняшний день ассортимент моющих средств велик и на рынке наряду с традиционными порошками появились капсульные, которые погружаются в барабан, а не в отсек.</p>\r\n<h4>Устранение неполадок</h4>\r\n<p>Это могут быть:\r\n<ul>\r\n<li>протечки,  .</li>\r\n<li>проблема с подачей воды, </li>\r\n<li>остановка барабана и другие</li>\r\n</ul>\r\n</p>\r\n<p>Например, если остановился барабан, то это совсем не значит, что он сломался. Достаточно восстановить баланс, вытащив и распрямив вещи.</p>\r\n<p>Бывает и такое, когда машинка отказывается запускаться. Прежде, чем бить тревогу, следует посмотреть, достаточный ли напор воды.</p>','active',1,'22/1628223325_4521df038eb23b4d0e41.jpeg;22/1628223325_2a6e2bc46c2ff8ae5129.jpeg;22/1628223325_be72debee9bde8c56f72.jpeg;22/1628223325_5b9b98a93f834ee78808.jpeg',43),(89,'Стиральная машина Bosch','В инструкции говорится об установке машины в квартире, об эксплуатации, обслуживании, неполадках.','<h4>Установка и подключение</h4>\r\n<p>Распаковав покупку, первым делом следует удалить болты, фиксирующие барабан для избежания повреждения при транспортировке.</p>\r\n<p>Большинство моделей машинок подразумевают работу с трехпроводной заземленной розеткой, потому по возможности следует это учесть, об этом говорит инструкция по использованию стиральной машины Bosch и других моделей.</p>\r\n<p>Целесообразно для приобретенной техники установить розетку с защитой от воды и линией заземления.</p>\r\n<ul>\r\n<li> Пол не должен быть наклонен более чем на 1 градус.</li>\r\n<li>Машинке целесообразнее стоять не дальше 1,5 метров от розетки.</li>\r\n<li>Одновременное подключение нескольких приборов в розетку во время работы машинки для стирки не рекомендуется. </li>\r\n<li>Расстояние между стеной и машинкой должно быть не меньше 10 см, а по бокам примерно 2 см.  </li>\r\n<li>Если пол имеет неровности, то это устраняется при помощи выкручивающихся ножек.</li>\r\n</ul>\r\n<p>Инструкция по использованию стиральной машины Bosch обращает внимание на то, что подключение машинки к водопроводу должно осуществляться при наличии исправных шлангов и при давлении от 30 до 1000 кПа. При повышении этих цифр следует позаботиться о применение спец устройства по снижению давления.</p>\r\n<p>Водозаборный шланг необходимо снабдить прокладками и фильтром. А дренажный вполне можно соединить с центральной сливной трубой, а можно провести в ванную или раковину.</p>\r\n<p>Если производится установка новой машинки на место старой, тогда работа упрощается. Достаточно лишь прикрутить шланги залива и слива на старое место.</p>\r\n<h4>Панель управления</h4>\r\n<p>Каждая машинка индивидуальна и о ее возможностях рассказывает прилагаемая инструкция. Но любая модель всегда имеет главную кнопку – включения. Некоторые модели оснащены кнопкой “Старт/Пауза”, что позволяет приостановить цикл стирки в любой момент, не сбивая программы.</p>\r\n<p>Чтобы изменить температуру стирки, достаточно нажать на соответствующую кнопку или покрутить регулятор.</p>\r\n<p>Часто производители добавляют в основные функции машинки дополнительные, например:\r\n<ul>\r\n<li>очистка барабана,</li>\r\n<li> выбор уровня отжима, режим “без складок”, </li>\r\n<li>предварительная стирка,</li>\r\n<li>интенсивное полоскание.</li> ​\r\n</ul>\r\n</p>\r\n<p>Ну и конечно куда без выбора автоматических программ. Обычно их количество колеблется от 5 до 20 – для хлопка, синтетики, шерсти, деликатной стирки, ручного режима и т.д.</p>\r\n<p>Алгоритм прост – включается машинка, выбирается программа и все. Программа уже сама регулирует оптимальную температуру, скорость отжима, качество стирки, бережность и длительность полоскания в зависимости от ткани.</p>\r\n<p>Индикатор замка имеется на каждой модели. После стирки он может светиться еще некоторое время, обычно до трех минут, это означает, что дверь пока заблокирована. Когда лампочка начнет мигать, можно доставать белье.</p>\r\n<h4>Начинаем стирку</h4\r\n<p>Важно! Перед тем, как загрузить белье в барабан стиральной машины, проверьте его на наличие в карманах предметов, которые могут вывести из строя прибор.</p>\r\n<p>Часто возникает ситуация, когда булавки протыкают манжету люка и появляется течь. Нередко мелкие детали или предметы нарушают работоспособность насоса и фильтра.</p>\r\n<p>Не нужно забывать разделять белье по цветам, чтобы избежать неприятностей в виде окраски или линьки одежды. Для стирки бюстгальтеров пригодятся специальные контейнеры, чтобы выпадающие косточки не повредили технике.</p>\r\n<p>Итак, белье в машинке, она подключена к сети и краны открыты. Разобраться, куда насыпать порошок несложно.</p>\r\n<p>Обычно в машинке три отсека:\r\n<ul>\r\n<li> Первый: для режима предварительной стирки.</li>\r\n<li>Второй: подразумевает основной цикл и предназначен для порошка.  </li>\r\n<li>Третий: используется под кондиционер.</li>\r\n</ul>\r\n</p>\r\n<p>Осталось выбрать программу, от которой зависит время стирки и температура.</p>\r\n</p>После стирки объемных вещей или пуховика, например, часто остаются белые следы на одежде, то есть порошок не до конца вымылся.</p>\r\n</p>Проблему решит повторное полоскание. Инструкция по использованию стиральной машины Bosch содержит целый раздел с советами об эффективной стирке и выведение пятен с одежды.</p>\r\n</p>Важно! В стиральной машине автомат следует использовать средство для машинки автомат, так как обычные порошки обладают повышенным пенообразованием.</p>\r\n</p>Пена способна вывести технику из строя, о чем упоминается в документах по использованию стиральной машины Bosch. </p>\r\n</p>На сегодняшний день ассортимент моющих средств велик и на рынке наряду с традиционными порошками появились капсульные, которые погружаются в барабан, а не в отсек.</p>\r\n<h4>Устранение неполадок</h4>\r\n<p>Это могут быть:\r\n<ul>\r\n<li>протечки,  .</li>\r\n<li>проблема с подачей воды, </li>\r\n<li>остановка барабана и другие</li>\r\n</ul>\r\n</p>\r\n<p>Например, если остановился барабан, то это совсем не значит, что он сломался. Достаточно восстановить баланс, вытащив и распрямив вещи.</p>\r\n<p>Бывает и такое, когда машинка отказывается запускаться. Прежде, чем бить тревогу, следует посмотреть, достаточный ли напор воды.</p>','active',1,'22/1628223654_765298a51afa7f5c7f83.jpeg;22/1628223655_88519f092880ecdf3074.jpeg;22/1628223655_cdd6f1808f4c614f02ff.jpeg;22/1628223655_aa1fe2d91ce2255b47b3.jpeg',41),(90,'Инструкция для «чайников»: как подключить смарт-чайник Xiaomi','Смарт-техника с каждым днем становится все популярнее, при выборе нового кухонного помощника все большее количество пользователей делают ставку именно на нее. И не зря – ведь она удобнее, функциональнее и, конечно же, за такой бытовой техникой будущее.','<h4>Подключение и smart-управление</h4>\r\n<p>\r\n    Если техника заявлена как «умная», то она просто обязана сопрягаться со смартфоном. И, собственно, управляться с него же. Компания Xiaomi на сегодняшний день уже имеет целую армию smart-устройств, которыми можно управлять с одного приложения – Mi Home.\r\n</p>\r\n<p>Скачать приложение Mi Home можно и на Android, и на iOS.</p>\r\n<p>Приступим к «привязке» нашего чайника. Для этого нам понадобится смартфон или планшет с установленным приложением Mi Home и всего несколько минут времени. Чайник «общается» с девайсами посредством Bluetooth-соединения, поэтому для того, чтобы смартфон обнаружил «новое устройство», его достаточно просто подключить к розетке.</p>\r\n<p>Открываем приложение и нам сразу предлагают обозначить наше местоположение. Вариантов не много и Украина в список стран пока еще не входит, поэтому можно выбрать хоть Гонконг, хоть США. Локацию позже можно поменять в настройках. Теперь авторизуемся.\r\n    Делается это с помощью Mi-аккаунта и если у Вас такового еще нет, то придется заводить. Минутное дело.</p>\r\n<p>Когда все настройки готовы, нажимаем на значок «+» (добавить устройство) в правом верхнем углу и нажимаем «Scan» (сканировать). В всплывающем окне, которое предлагает нам включить Bluetooth, выбираем «Turn On» (включить). Когда появится в списке наш чайник, нажимаем на него и приложение начнет догружать элементы для его управления.</p>\r\n<p>Собственно, это и все. Теперь Вы можете его просто включать, самостоятельно устанавливать градусы нагрева воды (от 40⁰С до 90⁰С с шагом в 10⁰С) или выбирать одну из рекомендуемых программ для того или иного напитка, а также включать или выключать функцию поддержания температуры.</p>\r\n<p>\r\n    В приложении отображается и текущая температура воды в чайнике. Кроме того, после включения чайника в приложении будет имитироваться кипячение воды с помощью анимации в виде всплывающих пузырьков. Интересная фишка – если наблюдать за нагревом воды через приложение, то цвет фона будет постепенно меняться. Пока вода относительно холодная (25⁰С и выше), фон будет голубым, а по мере роста градусов он будет «теплеть» и трансформироваться в розовый.\r\n</p>\r\n<h4>\r\n    Безопасность\r\n</h4>\r\n<p>Чайники – приборы потенциально опасные, поэтому без продуманных систем безопасности (тем более в умных-то устройствах) никуда. Что в Mijia Kettle внедрили разработчики?</p>\r\n<h4>Защита от попадания воды</h4>\r\n<p>Подставка для чайника и вилка сконструированы таким образом, чтобы максимально снизить риск попадания воды на контакты. Это не значит, что их можно мыть под проточной водой, но вот от случайного проливания убережет.</p>\r\n<h4>Защита от «холостого» включения</h4>\r\n<p>Представим, что Вы сидите в комнате на диване и дали команду своему чайнику подогреть воду для чая. Сидя на диване, Вы вряд ли помните, есть ли вода в чайнике или нет, поэтому, если чайник пуст, он не сработает.\r\n Чайник к тому же отключается при открывании крышки. Правда, целесообразность этого не совсем понятна, но что есть, то есть.</p>\r\n<h4>Защита от попадания воды</h4>\r\n<p>Подставка для чайника и вилка сконструированы таким образом, чтобы максимально снизить риск попадания воды на контакты. Это не значит, что их можно мыть под проточной водой, но вот от случайного проливания убережет.</p>','active',2,'22/1628224741_93433ddf29dbaa08fb97.jpeg;22/1628224741_64a7d4fb9f0d48128fe4.jpeg;22/1628224741_8e85af00d0052006cbcc.jpeg;22/1628224741_c8ba25c1b5c60caefc11.jpeg;22/1628224741_8e5498931dfd2096d1f4.jpeg;22/1628224741_5c6b0806334f9b10146a.jpeg;22/1628224742_845ddf239ca695f35673.jpeg',42),(92,'Микроволновка Whirlpool','Как правильно пользоваться микроволновкой Whirlpool, как включить ','<p>Первое, что волнует людей, купивших микроволновую печь, — как включить ее? При первом использовании действуйте так:</p>\r\n<ul>\r\n    <li>Поставьте прибор на стол, полку или на другое ровное место.</li>\r\n    <li>Включайте аппарат, всунув вилку в электророзетку.</li>\r\n    <li> Теперь запустите прибор.</li>\r\n</ul>\r\n <p>В разных моделях включение может осуществляться по-разному:</p>\r\n<ul>\r\n    <li>кнопкой «Старт» или «Cook»;</li>\r\n    <li>поворотом таймера — после установки времени печка включается.</li>\r\n    <li></li>\r\n</ul>\r\n<p>Если печь исправна, после включения она заработает. </p>\r\n<h4>Зачем нужен таймер </h4>\r\n<p>Таймер в некоторых моделях играет роль включателя, но главное его предназначение — регулирование времени приготовления. С его помощью можно установить, сколько будет готовиться блюдо.</p>\r\n<p>Таймеры бывают разные. Время может выставляться поворотом циферблата, пока не засветится набираемое пользователем значение. Также его можно задать набором цифр, используя клавиатуру. Чтобы выбрать оптимальное время, посмотрите информацию на упаковке или в рецепте.</p>\r\n<h4>Основные ошибки пользователей </h4>\r\n<p>Самая главная ошибка — игнорирование инструкции. Не вникнув в суть работы устройства, легко спровоцировать его поломку.</p>\r\n<p>Важно понять: микроволны действуют только на молекулы Н2О. Поэтому готовить в СВЧ-печи можно лишь продукты, содержащие воду. При разогреве продуктов с малым ее содержанием рядом нужно ставить емкость с жидкостью.</p>\r\n<p>Если не вращается подставка, блюдо равномерно не разогреется — с одного боку сгорит, с другого будет сырым. Это не относится только к инверторным моделям, в них вращающегося поддона нет.</p>\r\n<p>Важно помнить: прервать заданный процесс готовки нельзя, специи добавляйте до старта или уже после завершения.</p>\r\n<h4>Как продлить жизнь микроволновки </h4>\r\n<p>Пользуясь микроволновой печью по правилам, можно заметно продлить ее жизнь. Хорошая печка способна служить без неисправностей целую пятилетку и даже больше. Если печь исправна:</p>\r\n<ul>\r\n    <li>она работает тихо;   </li>\r\n    <li>нет искрения в камере;</li>\r\n    <li>нет запахов;</li>\r\n    <li>плотно закрывается дверца.</li>\r\n</ul>\r\n<p>Длительность эксплуатации зависит от соблюдения правил пользования: используйте специальную посуду и готовьте, учитывая рекомендации разработчиков. </p>\r\n<p>Чтобы первое пользование не принесло разочарований, важно выполнять советы производителей. Запрещается: </p>\r\n<ul>\r\n    <li>включать прибор при пустой камере;</li>\r\n    <li>включать прибор, если вес еды меньше 50 г;</li>\r\n    <li>использовать посуду из металла; </li>\r\n    <li>превышать разумное время готовки — появляется риск возгорания;</li>\r\n    <li>с усилием протирать защитный экран — пластину из слюды (она расположена в камере, обычно на боковой стене);</li>\r\n    <li>греть или варить яйца;</li>\r\n    <li>включать при наличии очевидных дефектов: треснутое стекло, неплотно закрытая дверца и т.д.; </li>\r\n    <li>загружать в камеру плотно укупоренные контейнеры и банки с продуктами.</li>\r\n</ul>\r\n<p>Среднестатистический срок работы СВЧ-печек — пять лет. Исполняя рекомендации производителей, можно увеличить его вдвое.</p>\r\n<h4>Как выбрать посуду </h4>\r\n<p>Специфика микроволновок — запрет на использование металлической посуды. Также нельзя ставить в камеру емкости, легко плавящиеся или сильно нагревающиеся. Лучше использовать спецпосуду, на которой написано:</p>\r\n<ul>\r\n    <li>for microware oven;  </li>\r\n    <li>microware oven safe; </li>\r\n    <li>suitable for microware; судки для микроволновок.</li>\r\n</ul>\r\n<p>Все перечисленные надписи обозначают: эту посуду можно ставить в СВЧ-печки. </p>\r\n<p>Неспециальную посуду, прежде чем поставить в печку, лучше проверить. Поставьте внутрь стакан воды, рядом — посуду, которую хотите протестировать. Включите аппарат — нужно увеличить мощность до максимума. Если по истечении минуты объект не нагреется, можете использовать его для готовки. </p>\r\n<h4>Куда поставить микроволновку </h4>\r\n<p>Месторасположение СВЧ-печи определяет ее возможности. К примеру, если водрузить печь на холодильник, ее можно будет использовать исключительно для разогрева. </p>\r\n<p>При установке нового устройства следует учитывать такие нюансы: </p>\r\n<ul>\r\n    <li>Нельзя заслонять вентиляцию.    </li>\r\n    <li>Запрещается ставить вблизи техники, излучающей радиоволны — могут появиться сбои в работе.</li>\r\n    <li>В любой инструкции также сказано, что ее нельзя располагать вблизи источника тепла.</li>\r\n    <li>Поставить печку на другую бытовую технику можно, но нужно предварительно убедиться, что вибрации от микроволновки не вредят ей.</li>\r\n    <li>Поверхность для установки прибора должна быть как можно ровнее и тверже. </li>\r\n</ul>\r\n<p>При переносе СВЧ-печки учтите: передняя часть тяжелей, чем задняя. Нужно правильно взять ее в руки, чтобы не выронить и не разбить. </p>\r\n<h4>На что влияет мощность </h4>\r\n<p>Правильное пользование невозможно без знаний, связанных с мощностью прибора. От ее величины зависит скорость выполнения операций и возможности устройства. </p>\r\n<ul>\r\n    <li>1,4 кВт — хватит для размягчения масла или мороженого, поднятия дрожжевого теста.  </li>\r\n    <li>1,4-2,8 кВт — можно разморозить и растопить продукты.</li>\r\n    <li>2,8-4,2 кВт — хватает для выпечки. </li>\r\n    <li>Для хорошего разогрева потребуется мощность не менее 4,4-5,6 кВт.</li>\r\n</ul>\r\n<p>На максимальной мощности можно вскипятить воду или приготовить еду, потратив минимум времени. </p>\r\n<p>Прежде чем задавать программу действий, ознакомьтесь с особенностями приготовления продукта. Возможно, его нужно предварительно разморозить и только потом готовить.</p>\r\n<h4>Правила ухода </h4>\r\n<p>СВЧ-печи экономят время своих владельцев, но требуют регулярного внимания. Чистота камеры — важное условие корректного функционирования техники. Своевременный уход предотвратит появление запахов и жировых загрязнений на стенках камеры и на слюдяном экране. </p>\r\n<p>Придерживайтесь таких правил:</p>\r\n<ul>\r\n    <li>Перед уборкой обязательно отключите прибор от сети.     </li>\r\n    <li>Чтобы качественно промыть камеру, достаньте съемные детали.</li>\r\n    <li>Внутренние детали нужно промыть теплым мыльным раствором.Подождать высыхания.</li>\r\n    <li>Воду лучше не использовать, чтобы не попала внутрь устройства, пользоваться нужно влажной губкой.</li>\r\n    <li>Запрещено чистить печку металлическими щетками — можно повредить покрытие. </li>\r\n    <li>Запрещается применять щелочные и хлорсодержащие средства.</li>\r\n</ul>\r\n<p>При обнаружении загрязнений, которые нельзя отмыть или достать тряпкой, включите пылесос. Используйте тонкую насадку. Таким способом можно также чистить вентиляционные отверстия. </p>','active',6,'43/1628496571_52f70b48ac435cb39df3.jpeg;43/1628496571_a1e13501a8a3542eb0a4.jpeg;43/1628496571_7152bb8eedcb74f75f3e.jpg;43/1628496571_741c51435620af512e1e.jpg;43/1628496571_e6c459b12f39cf5eb107.jpg;43/1628496571_fbd6a060c842a7027d4f.jpg',41),(93,'Микроволновка LG','Как правильно пользоваться микроволновкой LG, как включить ','<p>Первое, что волнует людей, купивших микроволновую печь, — как включить ее? При первом использовании действуйте так:</p>\r\n<ul>\r\n    <li>Поставьте прибор на стол, полку или на другое ровное место.</li>\r\n    <li>Включайте аппарат, всунув вилку в электророзетку.</li>\r\n    <li> Теперь запустите прибор.</li>\r\n</ul>\r\n <p>В разных моделях включение может осуществляться по-разному:</p>\r\n<ul>\r\n    <li>кнопкой «Старт» или «Cook»;</li>\r\n    <li>поворотом таймера — после установки времени печка включается.</li>\r\n    <li></li>\r\n</ul>\r\n<p>Если печь исправна, после включения она заработает. </p>\r\n<h4>Зачем нужен таймер </h4>\r\n<p>Таймер в некоторых моделях играет роль включателя, но главное его предназначение — регулирование времени приготовления. С его помощью можно установить, сколько будет готовиться блюдо.</p>\r\n<p>Таймеры бывают разные. Время может выставляться поворотом циферблата, пока не засветится набираемое пользователем значение. Также его можно задать набором цифр, используя клавиатуру. Чтобы выбрать оптимальное время, посмотрите информацию на упаковке или в рецепте.</p>\r\n<h4>Основные ошибки пользователей </h4>\r\n<p>Самая главная ошибка — игнорирование инструкции. Не вникнув в суть работы устройства, легко спровоцировать его поломку.</p>\r\n<p>Важно понять: микроволны действуют только на молекулы Н2О. Поэтому готовить в СВЧ-печи можно лишь продукты, содержащие воду. При разогреве продуктов с малым ее содержанием рядом нужно ставить емкость с жидкостью.</p>\r\n<p>Если не вращается подставка, блюдо равномерно не разогреется — с одного боку сгорит, с другого будет сырым. Это не относится только к инверторным моделям, в них вращающегося поддона нет.</p>\r\n<p>Важно помнить: прервать заданный процесс готовки нельзя, специи добавляйте до старта или уже после завершения.</p>\r\n<h4>Как продлить жизнь микроволновки </h4>\r\n<p>Пользуясь микроволновой печью по правилам, можно заметно продлить ее жизнь. Хорошая печка способна служить без неисправностей целую пятилетку и даже больше. Если печь исправна:</p>\r\n<ul>\r\n    <li>она работает тихо;   </li>\r\n    <li>нет искрения в камере;</li>\r\n    <li>нет запахов;</li>\r\n    <li>плотно закрывается дверца.</li>\r\n</ul>\r\n<p>Длительность эксплуатации зависит от соблюдения правил пользования: используйте специальную посуду и готовьте, учитывая рекомендации разработчиков. </p>\r\n<p>Чтобы первое пользование не принесло разочарований, важно выполнять советы производителей. Запрещается: </p>\r\n<ul>\r\n    <li>включать прибор при пустой камере;</li>\r\n    <li>включать прибор, если вес еды меньше 50 г;</li>\r\n    <li>использовать посуду из металла; </li>\r\n    <li>превышать разумное время готовки — появляется риск возгорания;</li>\r\n    <li>с усилием протирать защитный экран — пластину из слюды (она расположена в камере, обычно на боковой стене);</li>\r\n    <li>греть или варить яйца;</li>\r\n    <li>включать при наличии очевидных дефектов: треснутое стекло, неплотно закрытая дверца и т.д.; </li>\r\n    <li>загружать в камеру плотно укупоренные контейнеры и банки с продуктами.</li>\r\n</ul>\r\n<p>Среднестатистический срок работы СВЧ-печек LG— пять лет. Исполняя рекомендации производителей, можно увеличить его вдвое.</p>\r\n<h4>Как выбрать посуду </h4>\r\n<p>Специфика микроволновок — запрет на использование металлической посуды. Также нельзя ставить в камеру емкости, легко плавящиеся или сильно нагревающиеся. Лучше использовать спецпосуду, на которой написано:</p>\r\n<ul>\r\n    <li>for microware oven;  </li>\r\n    <li>microware oven safe; </li>\r\n    <li>suitable for microware; судки для микроволновок.</li>\r\n</ul>\r\n<p>Все перечисленные надписи обозначают: эту посуду можно ставить в СВЧ-печки. </p>\r\n<p>Неспециальную посуду, прежде чем поставить в печку, лучше проверить. Поставьте внутрь стакан воды, рядом — посуду, которую хотите протестировать. Включите аппарат — нужно увеличить мощность до максимума. Если по истечении минуты объект не нагреется, можете использовать его для готовки. </p>\r\n<h4>Куда поставить микроволновку </h4>\r\n<p>Месторасположение СВЧ-печи LG определяет ее возможности. К примеру, если водрузить печь на холодильник, ее можно будет использовать исключительно для разогрева. </p>\r\n<p>При установке нового устройства следует учитывать такие нюансы: </p>\r\n<ul>\r\n    <li>Нельзя заслонять вентиляцию.    </li>\r\n    <li>Запрещается ставить вблизи техники, излучающей радиоволны — могут появиться сбои в работе.</li>\r\n    <li>В любой инструкции также сказано, что ее нельзя располагать вблизи источника тепла.</li>\r\n    <li>Поставить печку на другую бытовую технику можно, но нужно предварительно убедиться, что вибрации от микроволновки не вредят ей.</li>\r\n    <li>Поверхность для установки прибора должна быть как можно ровнее и тверже. </li>\r\n</ul>\r\n<p>При переносе СВЧ-печки LG учтите: передняя часть тяжелей, чем задняя. Нужно правильно взять ее в руки, чтобы не выронить и не разбить. </p>\r\n<h4>На что влияет мощность </h4>\r\n<p>Правильное пользование невозможно без знаний, связанных с мощностью прибора. От ее величины зависит скорость выполнения операций и возможности устройства. </p>\r\n<ul>\r\n    <li>1,4 кВт — хватит для размягчения масла или мороженого, поднятия дрожжевого теста.  </li>\r\n    <li>1,4-2,8 кВт — можно разморозить и растопить продукты.</li>\r\n    <li>2,8-4,2 кВт — хватает для выпечки. </li>\r\n    <li>Для хорошего разогрева потребуется мощность не менее 4,4-5,6 кВт.</li>\r\n</ul>\r\n<p>На максимальной мощности можно вскипятить воду или приготовить еду, потратив минимум времени. </p>\r\n<p>Прежде чем задавать программу действий, ознакомьтесь с особенностями приготовления продукта. Возможно, его нужно предварительно разморозить и только потом готовить.</p>\r\n<h4>Правила ухода </h4>\r\n<p>СВЧ-печи экономят время своих владельцев, но требуют регулярного внимания. Чистота камеры — важное условие корректного функционирования техники. Своевременный уход предотвратит появление запахов и жировых загрязнений на стенках камеры и на слюдяном экране. </p>\r\n<p>Придерживайтесь таких правил:</p>\r\n<ul>\r\n    <li>Перед уборкой обязательно отключите прибор от сети.     </li>\r\n    <li>Чтобы качественно промыть камеру, достаньте съемные детали.</li>\r\n    <li>Внутренние детали нужно промыть теплым мыльным раствором.Подождать высыхания.</li>\r\n    <li>Воду лучше не использовать, чтобы не попала внутрь устройства, пользоваться нужно влажной губкой.</li>\r\n    <li>Запрещено чистить печку металлическими щетками — можно повредить покрытие. </li>\r\n    <li>Запрещается применять щелочные и хлорсодержащие средства.</li>\r\n</ul>\r\n<p>При обнаружении загрязнений, которые нельзя отмыть или достать тряпкой, включите пылесос. Используйте тонкую насадку. Таким способом можно также чистить вентиляционные отверстия. </p>','active',6,'41/1628496837_ba659b76ad5130a24cb5.jpeg;41/1628496837_859873252df458639263.jpeg;41/1628496837_3941067d1a24b474c323.jpg;41/1628496837_29d18479369b080ee1cf.jpg;41/1628496838_3fd23fdc53aee132f20e.jpg;41/1628496838_2bcda0aef48b49b11ddf.jpg',42),(94,'Микроволновка Bosch','Как правильно пользоваться микроволновкой Bosch, как включить ','<p>Первое, что волнует людей, купивших микроволновую печь, — как включить ее? При первом использовании действуйте так:</p>\r\n<ul>\r\n    <li>Поставьте прибор на стол, полку или на другое ровное место.</li>\r\n    <li>Включайте аппарат, всунув вилку в электророзетку.</li>\r\n    <li> Теперь запустите прибор.</li>\r\n</ul>\r\n <p>В разных моделях включение может осуществляться по-разному:</p>\r\n<ul>\r\n    <li>кнопкой «Старт» или «Cook»;</li>\r\n    <li>поворотом таймера — после установки времени печка включается.</li>\r\n    <li></li>\r\n</ul>\r\n<p>Если печь исправна, после включения она заработает. </p>\r\n<h4>Зачем нужен таймер </h4>\r\n<p>Таймер в некоторых моделях играет роль включателя, но главное его предназначение — регулирование времени приготовления. С его помощью можно установить, сколько будет готовиться блюдо.</p>\r\n<p>Таймеры бывают разные. Время может выставляться поворотом циферблата, пока не засветится набираемое пользователем значение. Также его можно задать набором цифр, используя клавиатуру. Чтобы выбрать оптимальное время, посмотрите информацию на упаковке или в рецепте.</p>\r\n<h4>Основные ошибки пользователей </h4>\r\n<p>Самая главная ошибка — игнорирование инструкции. Не вникнув в суть работы устройства, легко спровоцировать его поломку.</p>\r\n<p>Важно понять: микроволны действуют только на молекулы Н2О. Поэтому готовить в СВЧ-печи можно лишь продукты, содержащие воду. При разогреве продуктов с малым ее содержанием рядом нужно ставить емкость с жидкостью.</p>\r\n<p>Если не вращается подставка, блюдо равномерно не разогреется — с одного боку сгорит, с другого будет сырым. Это не относится только к инверторным моделям, в них вращающегося поддона нет.</p>\r\n<p>Важно помнить: прервать заданный процесс готовки нельзя, специи добавляйте до старта или уже после завершения.</p>\r\n<h4>Как продлить жизнь микроволновки </h4>\r\n<p>Пользуясь микроволновой печью по правилам, можно заметно продлить ее жизнь. Хорошая печка способна служить без неисправностей целую пятилетку и даже больше. Если печь исправна:</p>\r\n<ul>\r\n    <li>она работает тихо;   </li>\r\n    <li>нет искрения в камере;</li>\r\n    <li>нет запахов;</li>\r\n    <li>плотно закрывается дверца.</li>\r\n</ul>\r\n<p>Длительность эксплуатации зависит от соблюдения правил пользования: используйте специальную посуду и готовьте, учитывая рекомендации разработчиков. </p>\r\n<p>Чтобы первое пользование не принесло разочарований, важно выполнять советы производителей. Запрещается: </p>\r\n<ul>\r\n    <li>включать прибор при пустой камере;</li>\r\n    <li>включать прибор, если вес еды меньше 50 г;</li>\r\n    <li>использовать посуду из металла; </li>\r\n    <li>превышать разумное время готовки — появляется риск возгорания;</li>\r\n    <li>с усилием протирать защитный экран — пластину из слюды (она расположена в камере, обычно на боковой стене);</li>\r\n    <li>греть или варить яйца;</li>\r\n    <li>включать при наличии очевидных дефектов: треснутое стекло, неплотно закрытая дверца и т.д.; </li>\r\n    <li>загружать в камеру плотно укупоренные контейнеры и банки с продуктами.</li>\r\n</ul>\r\n<p>Среднестатистический срок работы СВЧ-печек Bosch— пять лет. Исполняя рекомендации производителей, можно увеличить его вдвое.</p>\r\n<h4>Как выбрать посуду </h4>\r\n<p>Специфика микроволновок — запрет на использование металлической посуды. Также нельзя ставить в камеру емкости, легко плавящиеся или сильно нагревающиеся. Лучше использовать спецпосуду, на которой написано:</p>\r\n<ul>\r\n    <li>for microware oven;  </li>\r\n    <li>microware oven safe; </li>\r\n    <li>suitable for microware; судки для микроволновок.</li>\r\n</ul>\r\n<p>Все перечисленные надписи обозначают: эту посуду можно ставить в СВЧ-печки. </p>\r\n<p>Неспециальную посуду, прежде чем поставить в печку, лучше проверить. Поставьте внутрь стакан воды, рядом — посуду, которую хотите протестировать. Включите аппарат — нужно увеличить мощность до максимума. Если по истечении минуты объект не нагреется, можете использовать его для готовки. </p>\r\n<h4>Куда поставить микроволновку </h4>\r\n<p>Месторасположение СВЧ-печи  Bosch определяет ее возможности. К примеру, если водрузить печь на холодильник, ее можно будет использовать исключительно для разогрева. </p>\r\n<p>При установке нового устройства следует учитывать такие нюансы: </p>\r\n<ul>\r\n    <li>Нельзя заслонять вентиляцию.    </li>\r\n    <li>Запрещается ставить вблизи техники, излучающей радиоволны — могут появиться сбои в работе.</li>\r\n    <li>В любой инструкции также сказано, что ее нельзя располагать вблизи источника тепла.</li>\r\n    <li>Поставить печку на другую бытовую технику можно, но нужно предварительно убедиться, что вибрации от микроволновки не вредят ей.</li>\r\n    <li>Поверхность для установки прибора должна быть как можно ровнее и тверже. </li>\r\n</ul>\r\n<p>При переносе СВЧ-печки  Bosch учтите: передняя часть тяжелей, чем задняя. Нужно правильно взять ее в руки, чтобы не выронить и не разбить. </p>\r\n<h4>На что влияет мощность </h4>\r\n<p>Правильное пользование невозможно без знаний, связанных с мощностью прибора. От ее величины зависит скорость выполнения операций и возможности устройства. </p>\r\n<ul>\r\n    <li>1,4 кВт — хватит для размягчения масла или мороженого, поднятия дрожжевого теста.  </li>\r\n    <li>1,4-2,8 кВт — можно разморозить и растопить продукты.</li>\r\n    <li>2,8-4,2 кВт — хватает для выпечки. </li>\r\n    <li>Для хорошего разогрева потребуется мощность не менее 4,4-5,6 кВт.</li>\r\n</ul>\r\n<p>На максимальной мощности можно вскипятить воду или приготовить еду, потратив минимум времени. </p>\r\n<p>Прежде чем задавать программу действий, ознакомьтесь с особенностями приготовления продукта. Возможно, его нужно предварительно разморозить и только потом готовить.</p>\r\n<h4>Правила ухода </h4>\r\n<p>СВЧ-печи экономят время своих владельцев, но требуют регулярного внимания. Чистота камеры — важное условие корректного функционирования техники. Своевременный уход предотвратит появление запахов и жировых загрязнений на стенках камеры и на слюдяном экране. </p>\r\n<p>Придерживайтесь таких правил:</p>\r\n<ul>\r\n    <li>Перед уборкой обязательно отключите прибор от сети.     </li>\r\n    <li>Чтобы качественно промыть камеру, достаньте съемные детали.</li>\r\n    <li>Внутренние детали нужно промыть теплым мыльным раствором.Подождать высыхания.</li>\r\n    <li>Воду лучше не использовать, чтобы не попала внутрь устройства, пользоваться нужно влажной губкой.</li>\r\n    <li>Запрещено чистить печку металлическими щетками — можно повредить покрытие. </li>\r\n    <li>Запрещается применять щелочные и хлорсодержащие средства.</li>\r\n</ul>\r\n<p>При обнаружении загрязнений, которые нельзя отмыть или достать тряпкой, включите пылесос. Используйте тонкую насадку. Таким способом можно также чистить вентиляционные отверстия. </p>','active',6,'41/1628498853_be17336825ae66e33937.jpg;41/1628498853_9ae973974c3a9d641ba4.jpg;41/1628498854_a239a9a3508633e3308f.jpg;41/1628498854_27ca62c90b87b9e7dad4.jpg',41),(96,'Инструкция к холодильнику Daewoo ','Как установить и обслуживать холодильник Daewoo','<h4>Установка</h4>\r\n<ul>\r\n<li>После распаковки холодильника промойте его внутренние поверхности слабым раствором пищевой соды для удаления запахов</li>\r\n    <li>После транспортировки холодильника и установки на место работы рекомендуется подождать около 3 часов до включения холодильника.</li>\r\n    <li>Перед включением холодильника в сеть убедитесь, что напряжение в сети соответствует напряжению, указанному на задней стенки корпуса.</li>\r\n    <li>Подключите холодильник к сети. Не подключайте холодильник через переходники и удленители, так как это может вызвать перегрев и возгорание.</li>\r\n    <li>Устанавливайте аппарат в помещении, где имеется хорошая вентиляция.При работе с холодильником следите, чтобы не оказались закрытыми вентиляционные решетки</li>\r\n    <li>Не устанавливайте холодильник рядом с источниками тепла. Так ка это может привести к перегреву электронагревательными приборами . Расстояние до источников тепла должно быть не менее 30-40см</li>\r\n    <li>Устанавливайте холодильник на ровной поверхности, регулируя при этом ножки холодильника. Чтобы приподнять угол холодильника, подкрутите ножки в левую сторону, чтобы опустить - вправо</li>\r\n    <li>Неправильная установка может вызывать вибрацию и шум холодильника</li>\r\n    <li>шерстяной ковер может выцвести под холодильником</li>\r\n</ul>\r\n<h4>Заземление</h4>\r\n<ul>\r\n    <li>Заземление необходимо там, где присутствует много воды, влаги, во влажных, сырых помещениях.</li>\r\n    <li>Заземление осуществляется с помощью медной пластинки, к которой прикрепляется провод заземления длиной 25см.</li>\r\n    <li>Заземление с помощью выключателя короткого замыкания там, где пол всегда влажный.</li>\r\n</ul>\r\n<h4>Меры предосторожности</h4>\r\n<p>Перед началом  работы с холодильником внимательно ознакомьтесь с данной инструкцией и неукоснительно выполняйте все требования, приведенные в ней.</p>\r\n<ol>\r\n    <li>Не устанавливайте холодильник под токрытым небом, в местах повышенной влажности, старайтесь избегать прямого попадания солнечных лучей.</li>\r\n    <li>Холодильник должен находиться в хорошо проветриваемом помещении на расстоянии не менее 10см со всех сторон от других предметов.</li>\r\n    <li>Не дотрагивайтесь до корпуса включенного холодильника мокрыми руками и особенно, когда стоите босиком на полу.</li>\r\n    <li>Устанавливайте полки в холодильнике таким образом, чтобы маленькие дети немогли до них дотянуться.</li>\r\n    <li>Вынимая вилку сетевого шнура из розетки, никогда не тяните прямо за шнур. Беритесь только за вилку шнура.</li>\r\n    <li>Не пользуйтесь удлинителями.</li>\r\n    <li>Перед выполнением любых действий по обслуживанию холодильника обязятально отключайте питание и вынимайте вилку сетевого шнура из розетки.</li>\r\n</ol>\r\n<h4>Подключение холодильника к сети</h4>\r\n<ul>\r\n    <li>Проверяем корпус изделия и электрический шнур на наличие дефектов и повреждений, которые могли появиться после транспортировки.</li>\r\n    <li> Подготавливаем подходящее место, которое должно быть рядом с розеткой, чтобы не подключать через удлинитель.</li>\r\n    <li>Размещаем корпус на расстоянии 10-15 см от каждой из стен (для циркуляции воздуха).</li>\r\n    <li> Выкручиваем ножки, чтобы корпус находился в строго горизонтальном и вертикальном положении (без перекосов).</li>\r\n    <li>Проверяем по уровню правильность установочных работ, чтобы корпус стоял ровно.</li>\r\n    <li>Подсоединяем шнур в сеть.</li>\r\n</ul>\r\n<h4>Неисправности и их устранение</h4>\r\n<ul>\r\n    <p>Пища замерзает в отделении для хранения свежих продуктов</p>\r\n    <li>Регулятор температуры стоит на отметке максимальной</li>\r\n    <li>Температура снаружи холодильника меньше, чем 5 градусов</li>\r\n    <li>Мокрые овощи были помещены перед трубкой подачи холодного воздуха.</li>\r\n    <p>Холодильник не морозит</p>\r\n    <li>Поломка электросети\r\n    <li>Правильно ли подключен холодильник к сети</li>\r\n    <p>Холодильник морозит недостаточно хорошо</p>\r\n    <li>Температура в холодильнике установлена на низкую отметку. Установите регулятор температуры на среднюю отметку.</li>\r\n    <li>В холодильнике горячие продукты.</li>\r\n    <li>Слишком много продуктов в холодильнике.</li>\r\n    <li>Дверь открыта или Вы часто открываете и закрываете ее.</li>\r\n    <li>Около холодильника находятся нагревательные электроприборы.</li>\r\n    <p>Холодильник шумит</p>\r\n    <li>Холодильник стоит на неровном полу и плохо закреплен.</li>\r\n    <li>Задняя панель холодильника прикасается к стене</li>\r\n    <p>Влажность скапливается внутри.</p>\r\n    <li>Проверьте, закрыта ли дверь</li>\r\n    <li>Вы поместили внутрь мокрые продукты</li>\r\n    <li>Если скапливается влага, убеите ее сухой тряпкой</li>\r\n    <p>Вода вытекает при передвижении холодильника</p>\r\n    <li>Вылили ли вы всю жидкость из подднона</li>\r\n</ul>\r\n<h4>Холодильник находится в исправном состоянии</h4>\r\n<ul>\r\n    <li>Образуется конденсат на корпусе холодильника.</li>\r\n    <li>Звук слива воды.</li>\r\n    <li>Двери жестко открываются.</li>\r\n    <li>Передняя панель теплая.</li>\r\n    <li>Щелчок слышен внутри холодильника.</li>\r\n    <li>Небольшой налет иния образуется внутри отдела хранения овощей.</li>\r\n</ul>\r\n<h4>Правильный уход за холодильником</h4>\r\n<p>Для содержания холодильника в чистоте требуется время от времени его размораживать.</p>\r\n<p>Однокамерные холодильники нужно размораживать в среднем раз в полтора-два месяца, а двухкамерные - в среднем, раз в полгода. Конечно, если снег нарастает быстрее, то не ждите и размораживайте чаще.</p>\r\n<p>После размораживания  тщательно промывайте камеру холодильника специальными моющими средствами.</p>\r\n<p>При размораживании не стоит отдирать или скалывать лед, так вы скорее нарушите герметичность агрегата, чем действительно ускорите процесс.</p>\r\n<p>Некоторые при размораживании ставят в холодильник горячую воду. Размораживание немного ускоряется, но нет гарантии, что все внутренние полости разморозятся так же быстро, как и внешние поверхности.</p>\r\n<p>Многие холодильники оборудованы системой «No Frost» (Без Снега). Она предназначена для автоматического оттаивания холодильника и избавления от необходимости проведения частого «ручного» размораживания. Но такие холодильники тоже требуют оттайки, только гораздо реже.</p>\r\n<p>Следите за количеством продуктов в камерах холодильника и не перегружайте его. В современных холодильниках, как правило, хорошо продумана система внутренних потоков холодного воздуха во внутренних камерах. Эти потоки холода и охлаждают продукты. Если холодильник перегружен, холодный воздух в камерах не обдувает продукты и агрегаты холодильника начинают работать с перегрузкой.</p>\r\n<p>Не злоупотребляйте режимом «суперзаморозки». Это может сильно перегрузить мотор вашего  холодильника и привести к быстрому износу и поломке. </p>\r\n<p>Режим «суперзаморозки» - это когда компрессор морозильной камеры работает в непрерывном режиме (без пауз) и охлаждает максимально,  на столько, насколько  только способен холодильный агрегат.</p>\r\n<p>Надежность работы вашего холодильника, да и расход электроэнергии часто зависят от очень простых вещей, на которые мы даже не обращаем  внимания. Часто просто неплотно закрытая дверь становится причиной перегрузки холодильного агрегата и поломки. Регулярно протирайте уплотнитель двери, и не оставлять двери приоткрытыми.</p>\r\n<p>Если у вас возникли подозрения, что ваш агрегат работает неправильно, то прежде, чем вызывать мастера попробуйте воспользоваться нашими простыми советами:</p>\r\n<p>Появился шум – отключите холодильник и разморозьте его.</p>\r\n<p>Появилась вода в холодильной камере – прочистите отверстие слива конденсата. Обычно оно находится на задней стенке внизу.</p>\r\n<p>Если совсем, вдруг, перестал работать – проверьте розетку, включите в нее другой прибор.</p>\r\n<p>Если наши советы не помогли, и холодильник по-прежнему, не работает, то значит пришло время обратиться в ремонтную мастерскую.</p>','active',7,'42/1628505254_076da18c0545988b063e.jpg;42/1628505254_3d9bb758eca83c313ff1.jpg',42),(97,'Купили СВЧ-печь Samsung — что делать ','Если вы только знакомитесь с устройством микроволновки, вам нужна инструкция, которая обязательно идет в комплектации.  Samsung','<p>Первое, что волнует людей, купивших микроволновую печь, — как включить ее? При первом использовании действуйте так:</p>\r\n<ul>\r\n    <li>Поставьте прибор на стол, полку или на другое ровное место.</li>\r\n    <li>Включайте аппарат, всунув вилку в электророзетку.</li>\r\n    <li> Теперь запустите прибор.</li>\r\n</ul>\r\n <p>В разных моделях включение может осуществляться по-разному:</p>\r\n<ul>\r\n    <li>кнопкой «Старт» или «Cook»;</li>\r\n    <li>поворотом таймера — после установки времени печка включается.</li>\r\n    <li></li>\r\n</ul>\r\n<p>Если печь исправна, после включения она заработает. </p>\r\n<h4>Зачем нужен таймер </h4>\r\n<p>Таймер в некоторых моделях играет роль включателя, но главное его предназначение — регулирование времени приготовления. С его помощью можно установить, сколько будет готовиться блюдо.</p>\r\n<p>Таймеры бывают разные. Время может выставляться поворотом циферблата, пока не засветится набираемое пользователем значение. Также его можно задать набором цифр, используя клавиатуру. Чтобы выбрать оптимальное время, посмотрите информацию на упаковке или в рецепте.</p>\r\n<h4>Основные ошибки пользователей </h4>\r\n<p>Самая главная ошибка — игнорирование инструкции. Не вникнув в суть работы устройства, легко спровоцировать его поломку.</p>\r\n<p>Важно понять: микроволны действуют только на молекулы Н2О. Поэтому готовить в СВЧ-печи можно лишь продукты, содержащие воду. При разогреве продуктов с малым ее содержанием рядом нужно ставить емкость с жидкостью.</p>\r\n<p>Если не вращается подставка, блюдо равномерно не разогреется — с одного боку сгорит, с другого будет сырым. Это не относится только к инверторным моделям, в них вращающегося поддона нет.</p>\r\n<p>Важно помнить: прервать заданный процесс готовки нельзя, специи добавляйте до старта или уже после завершения.</p>\r\n<h4>Как продлить жизнь микроволновки </h4>\r\n<p>Пользуясь микроволновой печью по правилам, можно заметно продлить ее жизнь. Хорошая печка способна служить без неисправностей целую пятилетку и даже больше. Если печь исправна:</p>\r\n<ul>\r\n    <li>она работает тихо;   </li>\r\n    <li>нет искрения в камере;</li>\r\n    <li>нет запахов;</li>\r\n    <li>плотно закрывается дверца.</li>\r\n</ul>\r\n<p>Длительность эксплуатации зависит от соблюдения правил пользования: используйте специальную посуду и готовьте, учитывая рекомендации разработчиков. </p>\r\n<p>Чтобы первое пользование не принесло разочарований, важно выполнять советы производителей. Запрещается: </p>\r\n<ul>\r\n    <li>включать прибор при пустой камере;</li>\r\n    <li>включать прибор, если вес еды меньше 50 г;</li>\r\n    <li>использовать посуду из металла; </li>\r\n    <li>превышать разумное время готовки — появляется риск возгорания;</li>\r\n    <li>с усилием протирать защитный экран — пластину из слюды (она расположена в камере, обычно на боковой стене);</li>\r\n    <li>греть или варить яйца;</li>\r\n    <li>включать при наличии очевидных дефектов: треснутое стекло, неплотно закрытая дверца и т.д.; </li>\r\n    <li>загружать в камеру плотно укупоренные контейнеры и банки с продуктами.</li>\r\n</ul>\r\n<p>Среднестатистический срок работы СВЧ-печек — пять лет. Исполняя рекомендации производителей, можно увеличить его вдвое.</p>\r\n<h4>Как выбрать посуду </h4>\r\n<p>Специфика микроволновок — запрет на использование металлической посуды. Также нельзя ставить в камеру емкости, легко плавящиеся или сильно нагревающиеся. Лучше использовать спецпосуду, на которой написано:</p>\r\n<ul>\r\n    <li>for microware oven;  </li>\r\n    <li>microware oven safe; </li>\r\n    <li>suitable for microware; судки для микроволновок.</li>\r\n</ul>\r\n<p>Все перечисленные надписи обозначают: эту посуду можно ставить в СВЧ-печки. </p>\r\n<p>Неспециальную посуду, прежде чем поставить в печку, лучше проверить. Поставьте внутрь стакан воды, рядом — посуду, которую хотите протестировать. Включите аппарат — нужно увеличить мощность до максимума. Если по истечении минуты объект не нагреется, можете использовать его для готовки. </p>\r\n<h4>Куда поставить микроволновку </h4>\r\n<p>Месторасположение СВЧ-печи определяет ее возможности. К примеру, если водрузить печь на холодильник, ее можно будет использовать исключительно для разогрева. </p>\r\n<p>При установке нового устройства следует учитывать такие нюансы: </p>\r\n<ul>\r\n    <li>Нельзя заслонять вентиляцию.    </li>\r\n    <li>Запрещается ставить вблизи техники, излучающей радиоволны — могут появиться сбои в работе.</li>\r\n    <li>В любой инструкции также сказано, что ее нельзя располагать вблизи источника тепла.</li>\r\n    <li>Поставить печку на другую бытовую технику можно, но нужно предварительно убедиться, что вибрации от микроволновки не вредят ей.</li>\r\n    <li>Поверхность для установки прибора должна быть как можно ровнее и тверже. </li>\r\n</ul>\r\n<p>При переносе СВЧ-печки учтите: передняя часть тяжелей, чем задняя. Нужно правильно взять ее в руки, чтобы не выронить и не разбить. </p>\r\n<h4>На что влияет мощность </h4>\r\n<p>Правильное пользование невозможно без знаний, связанных с мощностью прибора. От ее величины зависит скорость выполнения операций и возможности устройства. </p>\r\n<ul>\r\n    <li>1,4 кВт — хватит для размягчения масла или мороженого, поднятия дрожжевого теста.  </li>\r\n    <li>1,4-2,8 кВт — можно разморозить и растопить продукты.</li>\r\n    <li>2,8-4,2 кВт — хватает для выпечки. </li>\r\n    <li>Для хорошего разогрева потребуется мощность не менее 4,4-5,6 кВт.</li>\r\n</ul>\r\n<p>На максимальной мощности можно вскипятить воду или приготовить еду, потратив минимум времени. </p>\r\n<p>Прежде чем задавать программу действий, ознакомьтесь с особенностями приготовления продукта. Возможно, его нужно предварительно разморозить и только потом готовить.</p>\r\n<h4>Правила ухода </h4>\r\n<p>СВЧ-печи экономят время своих владельцев, но требуют регулярного внимания. Чистота камеры — важное условие корректного функционирования техники. Своевременный уход предотвратит появление запахов и жировых загрязнений на стенках камеры и на слюдяном экране. </p>\r\n<p>Придерживайтесь таких правил:</p>\r\n<ul>\r\n    <li>Перед уборкой обязательно отключите прибор от сети.     </li>\r\n    <li>Чтобы качественно промыть камеру, достаньте съемные детали.</li>\r\n    <li>Внутренние детали нужно промыть теплым мыльным раствором.Подождать высыхания.</li>\r\n    <li>Воду лучше не использовать, чтобы не попала внутрь устройства, пользоваться нужно влажной губкой.</li>\r\n    <li>Запрещено чистить печку металлическими щетками — можно повредить покрытие. </li>\r\n    <li>Запрещается применять щелочные и хлорсодержащие средства.</li>\r\n</ul>\r\n<p>При обнаружении загрязнений, которые нельзя отмыть или достать тряпкой, включите пылесос. Используйте тонкую насадку. Таким способом можно также чистить вентиляционные отверстия. </p>\r\n\r\n<h4>Если вы купили Samsung </h4>\r\n<p>Согласно статистике, 20% семей пользуется микроволновками корейского бренда. Для всех СВЧ-печек правила ухода и эксплуатации практически одинаковы. </p>\r\n<p>Печки «Самсунг» могут отличаться друг от друга панелью управления. В цифровых моделях управление происходит с помощью кнопок, в аналоговых — посредством ручного управления. Второй вариант проще и дешевле, и, кроме того, исключает системные ошибки. В сенсорных моделях включено много дополнительных функций, например, самоочистка. </p>\r\n<p>При установке печек «Самсунг» следует помнить: нужно выдерживать не менее 20 см расстояния до любых других предметов. </p>\r\n<h4>Осторожно с блокировкой! </h4>\r\n<p>Те, кто поленился прочитать инструкцию, часто сталкиваются с проблемой блокировки. Большинство современных моделей оснащены полезной функцией — защита от детей. Однако, случается, что она становится  препятствием и для владельцев, которые не могут разблокировать микроволновку. </p>\r\n<p>Процедура разблокировки описана в каждой инструкции. Так, например, чтобы снять блок в Samsung CE1110R, нужно одновременно нажать кнопки «СВЧ», «Гриль» и «Конвекция». </p>','active',6,'41/1628505470_fd0f8bfad2d980a9b243.jpeg;41/1628505470_afe05b3f1f8cd5b53bcf.jpeg;41/1628505470_c3f85ab7ca4071b13c4a.jpg;41/1628505470_dd36d6be251f2836f243.jpg;41/1628505470_c342950f6d14d4e30fda.jpg;41/1628505470_8fa2d3a4203f317b01f8.jpg',41),(98,'Холодильник Atlant','Как подключить и использовать холодильник Atlant','<h4>Установка</h4>\r\n<ul>\r\n<li>После распаковки холодильника промойте его внутренние поверхности слабым раствором пищевой соды для удаления запахов</li>\r\n    <li>После транспортировки холодильника и установки на место работы рекомендуется подождать около 3 часов до включения холодильника.</li>\r\n    <li>Перед включением холодильника в сеть убедитесь, что напряжение в сети соответствует напряжению, указанному на задней стенки корпуса.</li>\r\n    <li>Подключите холодильник к сети. Не подключайте холодильник через переходники и удленители, так как это может вызвать перегрев и возгорание.</li>\r\n    <li>Устанавливайте аппарат в помещении, где имеется хорошая вентиляция.При работе с холодильником следите, чтобы не оказались закрытыми вентиляционные решетки</li>\r\n    <li>Не устанавливайте холодильник рядом с источниками тепла. Так ка это может привести к перегреву электронагревательными приборами . Расстояние до источников тепла должно быть не менее 30-40см</li>\r\n    <li>Устанавливайте холодильник на ровной поверхности, регулируя при этом ножки холодильника. Чтобы приподнять угол холодильника, подкрутите ножки в левую сторону, чтобы опустить - вправо</li>\r\n    <li>Неправильная установка может вызывать вибрацию и шум холодильника</li>\r\n    <li>шерстяной ковер может выцвести под холодильником</li>\r\n</ul>\r\n<h4>Заземление</h4>\r\n<ul>\r\n    <li>Заземление необходимо там, где присутствует много воды, влаги, во влажных, сырых помещениях.</li>\r\n    <li>Заземление осуществляется с помощью медной пластинки, к которой прикрепляется провод заземления длиной 25см.</li>\r\n    <li>Заземление с помощью выключателя короткого замыкания там, где пол всегда влажный.</li>\r\n</ul>\r\n<h4>Меры предосторожности</h4>\r\n<p>Перед началом  работы с холодильником внимательно ознакомьтесь с данной инструкцией и неукоснительно выполняйте все требования, приведенные в ней.</p>\r\n<ol>\r\n    <li>Не устанавливайте холодильник под токрытым небом, в местах повышенной влажности, старайтесь избегать прямого попадания солнечных лучей.</li>\r\n    <li>Холодильник должен находиться в хорошо проветриваемом помещении на расстоянии не менее 10см со всех сторон от других предметов.</li>\r\n    <li>Не дотрагивайтесь до корпуса включенного холодильника мокрыми руками и особенно, когда стоите босиком на полу.</li>\r\n    <li>Устанавливайте полки в холодильнике таким образом, чтобы маленькие дети немогли до них дотянуться.</li>\r\n    <li>Вынимая вилку сетевого шнура из розетки, никогда не тяните прямо за шнур. Беритесь только за вилку шнура.</li>\r\n    <li>Не пользуйтесь удлинителями.</li>\r\n    <li>Перед выполнением любых действий по обслуживанию холодильника обязятально отключайте питание и вынимайте вилку сетевого шнура из розетки.</li>\r\n</ol>\r\n<h4>Подключение холодильника к сети</h4>\r\n<ul>\r\n    <li>Проверяем корпус изделия и электрический шнур на наличие дефектов и повреждений, которые могли появиться после транспортировки.</li>\r\n    <li> Подготавливаем подходящее место, которое должно быть рядом с розеткой, чтобы не подключать через удлинитель.</li>\r\n    <li>Размещаем корпус на расстоянии 10-15 см от каждой из стен (для циркуляции воздуха).</li>\r\n    <li> Выкручиваем ножки, чтобы корпус находился в строго горизонтальном и вертикальном положении (без перекосов).</li>\r\n    <li>Проверяем по уровню правильность установочных работ, чтобы корпус стоял ровно.</li>\r\n    <li>Подсоединяем шнур в сеть.</li>\r\n</ul>\r\n<h4>Неисправности и их устранение</h4>\r\n<ul>\r\n    <p>Пища замерзает в отделении для хранения свежих продуктов</p>\r\n    <li>Регулятор температуры стоит на отметке максимальной</li>\r\n    <li>Температура снаружи холодильника меньше, чем 5 градусов</li>\r\n    <li>Мокрые овощи были помещены перед трубкой подачи холодного воздуха.</li>\r\n    <p>Холодильник не морозит</p>\r\n    <li>Поломка электросети\r\n    <li>Правильно ли подключен холодильник к сети</li>\r\n    <p>Холодильник морозит недостаточно хорошо</p>\r\n    <li>Температура в холодильнике установлена на низкую отметку. Установите регулятор температуры на среднюю отметку.</li>\r\n    <li>В холодильнике горячие продукты.</li>\r\n    <li>Слишком много продуктов в холодильнике.</li>\r\n    <li>Дверь открыта или Вы часто открываете и закрываете ее.</li>\r\n    <li>Около холодильника находятся нагревательные электроприборы.</li>\r\n    <p>Холодильник шумит</p>\r\n    <li>Холодильник стоит на неровном полу и плохо закреплен.</li>\r\n    <li>Задняя панель холодильника прикасается к стене</li>\r\n    <p>Влажность скапливается внутри.</p>\r\n    <li>Проверьте, закрыта ли дверь</li>\r\n    <li>Вы поместили внутрь мокрые продукты</li>\r\n    <li>Если скапливается влага, убеите ее сухой тряпкой</li>\r\n    <p>Вода вытекает при передвижении холодильника</p>\r\n    <li>Вылили ли вы всю жидкость из подднона</li>\r\n</ul>\r\n<h4>Холодильник находится в исправном состоянии</h4>\r\n<ul>\r\n    <li>Образуется конденсат на корпусе холодильника.</li>\r\n    <li>Звук слива воды.</li>\r\n    <li>Двери жестко открываются.</li>\r\n    <li>Передняя панель теплая.</li>\r\n    <li>Щелчок слышен внутри холодильника.</li>\r\n    <li>Небольшой налет иния образуется внутри отдела хранения овощей.</li>\r\n</ul>\r\n<h4>Правильный уход за холодильником</h4>\r\n<p>Для содержания холодильника в чистоте требуется время от времени его размораживать.</p>\r\n<p>Однокамерные холодильники нужно размораживать в среднем раз в полтора-два месяца, а двухкамерные - в среднем, раз в полгода. Конечно, если снег нарастает быстрее, то не ждите и размораживайте чаще.</p>\r\n<p>После размораживания  тщательно промывайте камеру холодильника специальными моющими средствами.</p>\r\n<p>При размораживании не стоит отдирать или скалывать лед, так вы скорее нарушите герметичность агрегата, чем действительно ускорите процесс.</p>\r\n<p>Некоторые при размораживании ставят в холодильник горячую воду. Размораживание немного ускоряется, но нет гарантии, что все внутренние полости разморозятся так же быстро, как и внешние поверхности.</p>\r\n<p>Многие холодильники оборудованы системой «No Frost» (Без Снега). Она предназначена для автоматического оттаивания холодильника и избавления от необходимости проведения частого «ручного» размораживания. Но такие холодильники тоже требуют оттайки, только гораздо реже.</p>\r\n<p>Следите за количеством продуктов в камерах холодильника и не перегружайте его. В современных холодильниках, как правило, хорошо продумана система внутренних потоков холодного воздуха во внутренних камерах. Эти потоки холода и охлаждают продукты. Если холодильник перегружен, холодный воздух в камерах не обдувает продукты и агрегаты холодильника начинают работать с перегрузкой.</p>\r\n<p>Не злоупотребляйте режимом «суперзаморозки». Это может сильно перегрузить мотор вашего  холодильника и привести к быстрому износу и поломке. </p>\r\n<p>Режим «суперзаморозки» - это когда компрессор морозильной камеры работает в непрерывном режиме (без пауз) и охлаждает максимально,  на столько, насколько  только способен холодильный агрегат.</p>\r\n<p>Надежность работы вашего холодильника, да и расход электроэнергии часто зависят от очень простых вещей, на которые мы даже не обращаем  внимания. Часто просто неплотно закрытая дверь становится причиной перегрузки холодильного агрегата и поломки. Регулярно протирайте уплотнитель двери, и не оставлять двери приоткрытыми.</p>\r\n<p>Если у вас возникли подозрения, что ваш агрегат работает неправильно, то прежде, чем вызывать мастера попробуйте воспользоваться нашими простыми советами:</p>\r\n<p>Появился шум – отключите холодильник и разморозьте его.</p>\r\n<p>Появилась вода в холодильной камере – прочистите отверстие слива конденсата. Обычно оно находится на задней стенке внизу.</p>\r\n<p>Если совсем, вдруг, перестал работать – проверьте розетку, включите в нее другой прибор.</p>\r\n<p>Если наши советы не помогли, и холодильник по-прежнему, не работает, то значит пришло время обратиться в ремонтную мастерскую.</p>','active',7,'43/1628505708_eef733f126a9c19031d3.jpg;43/1628505708_dbb631066303633f8740.jpg',43),(99,'Холодильник Indesit','Как подключить и обслуживать холодильник Indesit','<h4>Установка</h4>\r\n<ul>\r\n<li>После распаковки холодильника промойте его внутренние поверхности слабым раствором пищевой соды для удаления запахов</li>\r\n    <li>После транспортировки холодильника и установки на место работы рекомендуется подождать около 3 часов до включения холодильника.</li>\r\n    <li>Перед включением холодильника в сеть убедитесь, что напряжение в сети соответствует напряжению, указанному на задней стенки корпуса.</li>\r\n    <li>Подключите холодильник к сети. Не подключайте холодильник через переходники и удленители, так как это может вызвать перегрев и возгорание.</li>\r\n    <li>Устанавливайте аппарат в помещении, где имеется хорошая вентиляция.При работе с холодильником следите, чтобы не оказались закрытыми вентиляционные решетки</li>\r\n    <li>Не устанавливайте холодильник рядом с источниками тепла. Так ка это может привести к перегреву электронагревательными приборами . Расстояние до источников тепла должно быть не менее 30-40см</li>\r\n    <li>Устанавливайте холодильник на ровной поверхности, регулируя при этом ножки холодильника. Чтобы приподнять угол холодильника, подкрутите ножки в левую сторону, чтобы опустить - вправо</li>\r\n    <li>Неправильная установка может вызывать вибрацию и шум холодильника</li>\r\n    <li>шерстяной ковер может выцвести под холодильником</li>\r\n</ul>\r\n<h4>Заземление</h4>\r\n<ul>\r\n    <li>Заземление необходимо там, где присутствует много воды, влаги, во влажных, сырых помещениях.</li>\r\n    <li>Заземление осуществляется с помощью медной пластинки, к которой прикрепляется провод заземления длиной 25см.</li>\r\n    <li>Заземление с помощью выключателя короткого замыкания там, где пол всегда влажный.</li>\r\n</ul>\r\n<h4>Меры предосторожности</h4>\r\n<p>Перед началом  работы с холодильником внимательно ознакомьтесь с данной инструкцией и неукоснительно выполняйте все требования, приведенные в ней.</p>\r\n<ol>\r\n    <li>Не устанавливайте холодильник под токрытым небом, в местах повышенной влажности, старайтесь избегать прямого попадания солнечных лучей.</li>\r\n    <li>Холодильник должен находиться в хорошо проветриваемом помещении на расстоянии не менее 10см со всех сторон от других предметов.</li>\r\n    <li>Не дотрагивайтесь до корпуса включенного холодильника мокрыми руками и особенно, когда стоите босиком на полу.</li>\r\n    <li>Устанавливайте полки в холодильнике таким образом, чтобы маленькие дети немогли до них дотянуться.</li>\r\n    <li>Вынимая вилку сетевого шнура из розетки, никогда не тяните прямо за шнур. Беритесь только за вилку шнура.</li>\r\n    <li>Не пользуйтесь удлинителями.</li>\r\n    <li>Перед выполнением любых действий по обслуживанию холодильника обязятально отключайте питание и вынимайте вилку сетевого шнура из розетки.</li>\r\n</ol>\r\n<h4>Подключение холодильника к сети</h4>\r\n<ul>\r\n    <li>Проверяем корпус изделия и электрический шнур на наличие дефектов и повреждений, которые могли появиться после транспортировки.</li>\r\n    <li> Подготавливаем подходящее место, которое должно быть рядом с розеткой, чтобы не подключать через удлинитель.</li>\r\n    <li>Размещаем корпус на расстоянии 10-15 см от каждой из стен (для циркуляции воздуха).</li>\r\n    <li> Выкручиваем ножки, чтобы корпус находился в строго горизонтальном и вертикальном положении (без перекосов).</li>\r\n    <li>Проверяем по уровню правильность установочных работ, чтобы корпус стоял ровно.</li>\r\n    <li>Подсоединяем шнур в сеть.</li>\r\n</ul>\r\n<h4>Неисправности и их устранение</h4>\r\n<ul>\r\n    <p>Пища замерзает в отделении для хранения свежих продуктов</p>\r\n    <li>Регулятор температуры стоит на отметке максимальной</li>\r\n    <li>Температура снаружи холодильника меньше, чем 5 градусов</li>\r\n    <li>Мокрые овощи были помещены перед трубкой подачи холодного воздуха.</li>\r\n    <p>Холодильник не морозит</p>\r\n    <li>Поломка электросети\r\n    <li>Правильно ли подключен холодильник к сети</li>\r\n    <p>Холодильник морозит недостаточно хорошо</p>\r\n    <li>Температура в холодильнике установлена на низкую отметку. Установите регулятор температуры на среднюю отметку.</li>\r\n    <li>В холодильнике горячие продукты.</li>\r\n    <li>Слишком много продуктов в холодильнике.</li>\r\n    <li>Дверь открыта или Вы часто открываете и закрываете ее.</li>\r\n    <li>Около холодильника находятся нагревательные электроприборы.</li>\r\n    <p>Холодильник шумит</p>\r\n    <li>Холодильник стоит на неровном полу и плохо закреплен.</li>\r\n    <li>Задняя панель холодильника прикасается к стене</li>\r\n    <p>Влажность скапливается внутри.</p>\r\n    <li>Проверьте, закрыта ли дверь</li>\r\n    <li>Вы поместили внутрь мокрые продукты</li>\r\n    <li>Если скапливается влага, убеите ее сухой тряпкой</li>\r\n    <p>Вода вытекает при передвижении холодильника</p>\r\n    <li>Вылили ли вы всю жидкость из подднона</li>\r\n</ul>\r\n<h4>Холодильник Indesit находится в исправном состоянии</h4>\r\n<ul>\r\n    <li>Образуется конденсат на корпусе холодильника.</li>\r\n    <li>Звук слива воды.</li>\r\n    <li>Двери жестко открываются.</li>\r\n    <li>Передняя панель теплая.</li>\r\n    <li>Щелчок слышен внутри холодильника.</li>\r\n    <li>Небольшой налет иния образуется внутри отдела хранения овощей.</li>\r\n</ul>\r\n<h4>Правильный уход за холодильником</h4>\r\n<p>Для содержания холодильника в чистоте требуется время от времени его размораживать.</p>\r\n<p>Однокамерные холодильники нужно размораживать в среднем раз в полтора-два месяца, а двухкамерные - в среднем, раз в полгода. Конечно, если снег нарастает быстрее, то не ждите и размораживайте чаще.</p>\r\n<p>После размораживания  тщательно промывайте камеру холодильника специальными моющими средствами.</p>\r\n<p>При размораживании не стоит отдирать или скалывать лед, так вы скорее нарушите герметичность агрегата, чем действительно ускорите процесс.</p>\r\n<p>Некоторые при размораживании ставят в холодильник горячую воду. Размораживание немного ускоряется, но нет гарантии, что все внутренние полости разморозятся так же быстро, как и внешние поверхности.</p>\r\n<p>Многие холодильники оборудованы системой «No Frost» (Без Снега). Она предназначена для автоматического оттаивания холодильника и избавления от необходимости проведения частого «ручного» размораживания. Но такие холодильники тоже требуют оттайки, только гораздо реже.</p>\r\n<p>Следите за количеством продуктов в камерах холодильника и не перегружайте его. В современных холодильниках, как правило, хорошо продумана система внутренних потоков холодного воздуха во внутренних камерах. Эти потоки холода и охлаждают продукты. Если холодильник перегружен, холодный воздух в камерах не обдувает продукты и агрегаты холодильника начинают работать с перегрузкой.</p>\r\n<p>Не злоупотребляйте режимом «суперзаморозки». Это может сильно перегрузить мотор вашего  холодильника и привести к быстрому износу и поломке. </p>\r\n<p>Режим «суперзаморозки» - это когда компрессор морозильной камеры работает в непрерывном режиме (без пауз) и охлаждает максимально,  на столько, насколько  только способен холодильный агрегат.</p>\r\n<p>Надежность работы вашего холодильника, да и расход электроэнергии часто зависят от очень простых вещей, на которые мы даже не обращаем  внимания. Часто просто неплотно закрытая дверь становится причиной перегрузки холодильного агрегата и поломки. Регулярно протирайте уплотнитель двери, и не оставлять двери приоткрытыми.</p>\r\n<p>Если у вас возникли подозрения, что ваш агрегат работает неправильно, то прежде, чем вызывать мастера попробуйте воспользоваться нашими простыми советами:</p>\r\n<p>Появился шум – отключите холодильник и разморозьте его.</p>\r\n<p>Появилась вода в холодильной камере – прочистите отверстие слива конденсата. Обычно оно находится на задней стенке внизу.</p>\r\n<p>Если совсем, вдруг, перестал работать – проверьте розетку, включите в нее другой прибор.</p>\r\n<p>Если наши советы не помогли, и холодильник по-прежнему, не работает, то значит пришло время обратиться в ремонтную мастерскую.</p>','active',7,'43/1628505815_5e7855bd7d48c908a583.jpg;43/1628505815_c496fe470236a5ae980b.jpg',43),(100,'Холодильник Bosch','Инструкция по использованию холодильника Bosch','<h4>Установка</h4>\r\n<ul>\r\n<li>После распаковки холодильника промойте его внутренние поверхности слабым раствором пищевой соды для удаления запахов</li>\r\n    <li>После транспортировки холодильника и установки на место работы рекомендуется подождать около 3 часов до включения холодильника.</li>\r\n    <li>Перед включением холодильника в сеть убедитесь, что напряжение в сети соответствует напряжению, указанному на задней стенки корпуса.</li>\r\n    <li>Подключите холодильник к сети. Не подключайте холодильник через переходники и удленители, так как это может вызвать перегрев и возгорание.</li>\r\n    <li>Устанавливайте аппарат в помещении, где имеется хорошая вентиляция.При работе с холодильником следите, чтобы не оказались закрытыми вентиляционные решетки</li>\r\n    <li>Не устанавливайте холодильник рядом с источниками тепла. Так ка это может привести к перегреву электронагревательными приборами . Расстояние до источников тепла должно быть не менее 30-40см</li>\r\n    <li>Устанавливайте холодильник на ровной поверхности, регулируя при этом ножки холодильника. Чтобы приподнять угол холодильника, подкрутите ножки в левую сторону, чтобы опустить - вправо</li>\r\n    <li>Неправильная установка может вызывать вибрацию и шум холодильника</li>\r\n    <li>шерстяной ковер может выцвести под холодильником</li>\r\n</ul>\r\n<h4>Заземление</h4>\r\n<ul>\r\n    <li>Заземление необходимо там, где присутствует много воды, влаги, во влажных, сырых помещениях.</li>\r\n    <li>Заземление осуществляется с помощью медной пластинки, к которой прикрепляется провод заземления длиной 25см.</li>\r\n    <li>Заземление с помощью выключателя короткого замыкания там, где пол всегда влажный.</li>\r\n</ul>\r\n<h4>Меры предосторожности</h4>\r\n<p>Перед началом  работы с холодильником внимательно ознакомьтесь с данной инструкцией и неукоснительно выполняйте все требования, приведенные в ней.</p>\r\n<ol>\r\n    <li>Не устанавливайте холодильник под токрытым небом, в местах повышенной влажности, старайтесь избегать прямого попадания солнечных лучей.</li>\r\n    <li>Холодильник должен находиться в хорошо проветриваемом помещении на расстоянии не менее 10см со всех сторон от других предметов.</li>\r\n    <li>Не дотрагивайтесь до корпуса включенного холодильника мокрыми руками и особенно, когда стоите босиком на полу.</li>\r\n    <li>Устанавливайте полки в холодильнике таким образом, чтобы маленькие дети немогли до них дотянуться.</li>\r\n    <li>Вынимая вилку сетевого шнура из розетки, никогда не тяните прямо за шнур. Беритесь только за вилку шнура.</li>\r\n    <li>Не пользуйтесь удлинителями.</li>\r\n    <li>Перед выполнением любых действий по обслуживанию холодильника обязятально отключайте питание и вынимайте вилку сетевого шнура из розетки.</li>\r\n</ol>\r\n<h4>Подключение холодильника к сети</h4>\r\n<ul>\r\n    <li>Проверяем корпус изделия и электрический шнур на наличие дефектов и повреждений, которые могли появиться после транспортировки.</li>\r\n    <li> Подготавливаем подходящее место, которое должно быть рядом с розеткой, чтобы не подключать через удлинитель.</li>\r\n    <li>Размещаем корпус на расстоянии 10-15 см от каждой из стен (для циркуляции воздуха).</li>\r\n    <li> Выкручиваем ножки, чтобы корпус находился в строго горизонтальном и вертикальном положении (без перекосов).</li>\r\n    <li>Проверяем по уровню правильность установочных работ, чтобы корпус стоял ровно.</li>\r\n    <li>Подсоединяем шнур в сеть.</li>\r\n</ul>\r\n<h4>Неисправности и их устранение</h4>\r\n<ul>\r\n    <p>Пища замерзает в отделении для хранения свежих продуктов</p>\r\n    <li>Регулятор температуры стоит на отметке максимальной</li>\r\n    <li>Температура снаружи холодильника меньше, чем 5 градусов</li>\r\n    <li>Мокрые овощи были помещены перед трубкой подачи холодного воздуха.</li>\r\n    <p>Холодильник не морозит</p>\r\n    <li>Поломка электросети\r\n    <li>Правильно ли подключен холодильник к сети</li>\r\n    <p>Холодильник Bosch морозит недостаточно хорошо</p>\r\n    <li>Температура в холодильнике установлена на низкую отметку. Установите регулятор температуры на среднюю отметку.</li>\r\n    <li>В холодильнике горячие продукты.</li>\r\n    <li>Слишком много продуктов в холодильнике.</li>\r\n    <li>Дверь открыта или Вы часто открываете и закрываете ее.</li>\r\n    <li>Около холодильника находятся нагревательные электроприборы.</li>\r\n    <p>Холодильник шумит</p>\r\n    <li>Холодильник стоит на неровном полу и плохо закреплен.</li>\r\n    <li>Задняя панель холодильника прикасается к стене</li>\r\n    <p>Влажность скапливается внутри.</p>\r\n    <li>Проверьте, закрыта ли дверь</li>\r\n    <li>Вы поместили внутрь мокрые продукты</li>\r\n    <li>Если скапливается влага, убеите ее сухой тряпкой</li>\r\n    <p>Вода вытекает при передвижении холодильника</p>\r\n    <li>Вылили ли вы всю жидкость из подднона</li>\r\n</ul>\r\n<h4>Холодильник находится в исправном состоянии</h4>\r\n<ul>\r\n    <li>Образуется конденсат на корпусе холодильника.</li>\r\n    <li>Звук слива воды.</li>\r\n    <li>Двери жестко открываются.</li>\r\n    <li>Передняя панель теплая.</li>\r\n    <li>Щелчок слышен внутри холодильника.</li>\r\n    <li>Небольшой налет иния образуется внутри отдела хранения овощей.</li>\r\n</ul>\r\n<h4>Правильный уход за холодильником</h4>\r\n<p>Для содержания холодильника в чистоте требуется время от времени его размораживать.</p>\r\n<p>Однокамерные холодильники нужно размораживать в среднем раз в полтора-два месяца, а двухкамерные - в среднем, раз в полгода. Конечно, если снег нарастает быстрее, то не ждите и размораживайте чаще.</p>\r\n<p>После размораживания  тщательно промывайте камеру холодильника специальными моющими средствами.</p>\r\n<p>При размораживании не стоит отдирать или скалывать лед, так вы скорее нарушите герметичность агрегата, чем действительно ускорите процесс.</p>\r\n<p>Некоторые при размораживании ставят в холодильник горячую воду. Размораживание немного ускоряется, но нет гарантии, что все внутренние полости разморозятся так же быстро, как и внешние поверхности.</p>\r\n<p>Многие холодильники оборудованы системой «No Frost» (Без Снега). Она предназначена для автоматического оттаивания холодильника и избавления от необходимости проведения частого «ручного» размораживания. Но такие холодильники тоже требуют оттайки, только гораздо реже.</p>\r\n<p>Следите за количеством продуктов в камерах холодильника и не перегружайте его. В современных холодильниках, как правило, хорошо продумана система внутренних потоков холодного воздуха во внутренних камерах. Эти потоки холода и охлаждают продукты. Если холодильник перегружен, холодный воздух в камерах не обдувает продукты и агрегаты холодильника начинают работать с перегрузкой.</p>\r\n<p>Не злоупотребляйте режимом «суперзаморозки». Это может сильно перегрузить мотор вашего  холодильника и привести к быстрому износу и поломке. </p>\r\n<p>Режим «суперзаморозки» - это когда компрессор морозильной камеры работает в непрерывном режиме (без пауз) и охлаждает максимально,  на столько, насколько  только способен холодильный агрегат.</p>\r\n<p>Надежность работы вашего холодильника, да и расход электроэнергии часто зависят от очень простых вещей, на которые мы даже не обращаем  внимания. Часто просто неплотно закрытая дверь становится причиной перегрузки холодильного агрегата и поломки. Регулярно протирайте уплотнитель двери, и не оставлять двери приоткрытыми.</p>\r\n<p>Если у вас возникли подозрения, что ваш агрегат работает неправильно, то прежде, чем вызывать мастера попробуйте воспользоваться нашими простыми советами:</p>\r\n<p>Появился шум – отключите холодильник и разморозьте его.</p>\r\n<p>Появилась вода в холодильной камере – прочистите отверстие слива конденсата. Обычно оно находится на задней стенке внизу.</p>\r\n<p>Если совсем, вдруг, перестал работать – проверьте розетку, включите в нее другой прибор.</p>\r\n<p>Если наши советы не помогли, и холодильник по-прежнему, не работает, то значит пришло время обратиться в ремонтную мастерскую.</p>','active',7,'43/1628505889_58f30f5b3ae1f112232a.jpg;43/1628505889_908e5289835fbb11be80.jpg',43);
/*!40000 ALTER TABLE `instructions` ENABLE KEYS */;
UNLOCK TABLES;

--
-- Table structure for table `roles`
--

DROP TABLE IF EXISTS `roles`;
/*!40101 SET @saved_cs_client     = @@character_set_client */;
/*!50503 SET character_set_client = utf8mb4 */;
CREATE TABLE `roles` (
  `id` int NOT NULL AUTO_INCREMENT,
  `category_name` tinytext NOT NULL,
  PRIMARY KEY (`id`)
) ENGINE=InnoDB AUTO_INCREMENT=3 DEFAULT CHARSET=utf8mb4 COLLATE=utf8mb4_0900_ai_ci;
/*!40101 SET character_set_client = @saved_cs_client */;

--
-- Dumping data for table `roles`
--

LOCK TABLES `roles` WRITE;
/*!40000 ALTER TABLE `roles` DISABLE KEYS */;
INSERT INTO `roles` VALUES (1,'Admin'),(2,'User');
/*!40000 ALTER TABLE `roles` ENABLE KEYS */;
UNLOCK TABLES;

--
-- Table structure for table `users`
--

DROP TABLE IF EXISTS `users`;
/*!40101 SET @saved_cs_client     = @@character_set_client */;
/*!50503 SET character_set_client = utf8mb4 */;
CREATE TABLE `users` (
  `id` int unsigned NOT NULL AUTO_INCREMENT,
  `username` varchar(25) NOT NULL,
  `password` tinytext NOT NULL,
  `email` varchar(20) NOT NULL,
  `age` int DEFAULT NULL,
  `id_category` int DEFAULT NULL,
  `status` varchar(7) NOT NULL,
  PRIMARY KEY (`id`),
  UNIQUE KEY `app_users2_username_uindex` (`username`),
  KEY `users2_roles_id_fk` (`id_category`),
  CONSTRAINT `users2_roles_id_fk` FOREIGN KEY (`id_category`) REFERENCES `roles` (`id`)
) ENGINE=InnoDB AUTO_INCREMENT=47 DEFAULT CHARSET=utf8mb4 COLLATE=utf8mb4_0900_ai_ci;
/*!40101 SET character_set_client = @saved_cs_client */;

--
-- Dumping data for table `users`
--

LOCK TABLES `users` WRITE;
/*!40000 ALTER TABLE `users` DISABLE KEYS */;
INSERT INTO `users` VALUES (41,'Admin','$2y$10$OEZYMmoOBxa4ah7nAEf4Sej7XOoG7Ie/mxyDA17ySxFNOIyOMS1Em','chepuska@gmail.com',44,1,'active'),(42,'Nematantus','$2y$10$KskEVbjXnJ8fhog.PlNkQ.9AmzLEQb79kVnPOMC6hKUJnnmaQqaCq','xccf@scfv',44,2,'active'),(43,'Varya','$2y$10$azFqZERE77AGGqamKOXeHu04G3/j/yDhpk4VtUIW2rhjdj1PcRxFG','sdf@esdf.rr',32,1,'active'),(44,'Svetlana','$2y$10$.eMRqRFQsPUSdmAc3CTc3eRKk/8qoy2sb/Hpa9.7bktC36r9kS8kW','xccfs@scfv.com',23,2,'active'),(45,'Slava','$2y$10$hA3uhTXDf8CSMoeeUD4IV.dFnI5ivm7JpzwiMrYu/HvzLKHyQHEgm','ssss@dscd',25,2,'active'),(46,'chepuska','$2y$10$Foieh986mIpewFeR7N8Osuywi/PSb0JRWEHPgKLGYyrhTEa3hJBIe','cccccc@dscd',36,2,'blocked');
/*!40000 ALTER TABLE `users` ENABLE KEYS */;
UNLOCK TABLES;
/*!40103 SET TIME_ZONE=@OLD_TIME_ZONE */;

/*!40101 SET SQL_MODE=@OLD_SQL_MODE */;
/*!40014 SET FOREIGN_KEY_CHECKS=@OLD_FOREIGN_KEY_CHECKS */;
/*!40014 SET UNIQUE_CHECKS=@OLD_UNIQUE_CHECKS */;
/*!40101 SET CHARACTER_SET_CLIENT=@OLD_CHARACTER_SET_CLIENT */;
/*!40101 SET CHARACTER_SET_RESULTS=@OLD_CHARACTER_SET_RESULTS */;
/*!40101 SET COLLATION_CONNECTION=@OLD_COLLATION_CONNECTION */;
/*!40111 SET SQL_NOTES=@OLD_SQL_NOTES */;

-- Dump completed on 2021-08-13  0:32:15
